circuit,delta,had_sc
Monza,0.0,False
Monza,0.0,False
Monza,0.7999999999992724,True
Monza,0.0,False
Monza,0.0,True
Monza,0.0,False
Monza,1.6000000000003638,True
Monza,0.0,False
Monza,0.0,False
Monza,0.0,False
Monza,0.0,False
Monza,2.000000000001819,True
Monza,1.5999999999994543,True
Monza,0.7999999999992724,True
Monza,0.0,False
Monza,0.8000000000001819,True
Monza,2.399999999999636,True
Monza,0.0,False
Monza,0.7999999999992724,True
Monza,0.0,False
Monza,0.0,False
Monza,1.6000000000012733,True
Monza,0.4000000000005457,True
Monza,2.0,True
Monza,0.0,False
Monza,0.8000000000001819,True
Monza,1.6000000000012733,True
Monza,1.6000000000003638,True
Monza,0.8000000000001819,True
Monza,1.6000000000012733,True
Monza,0.0,False
Monza,1.6000000000003638,True
Monza,0.0,False
Monza,0.0,False
Monza,0.0,False
Monza,1.5999999999994543,True
Monza,0.0,False
Monza,0.0,False
Monza,0.0,False
Monza,1.6000000000003638,True
Monza,0.0,False
Monza,0.0,False
Monza,0.8000000000001819,True
Monza,0.3999999999996362,True
Monza,0.0,False
Monza,0.0,False
Monza,0.0,False
Monza,0.0,False
Monza,0.8000000000001819,True
Monza,0.3999999999996362,True
Monza,2.0,True
Monza,0.7999999999992724,True
Monza,1.5999999999994543,True
Monza,1.6000000000003638,True
Monza,1.6000000000003638,True
Monza,0.0,False
Monza,1.6000000000003638,True
Monza,0.0,False
Monza,0.3999999999996362,True
Monza,0.0,False
Monza,0.0,False
Monza,1.5999999999994543,True
Monza,0.0,False
Monza,0.0,True
Monza,0.0,False
Monza,0.0,False
Monza,1.6000000000003638,True
Monza,0.3999999999996362,True
Monza,2.800000000000182,True
Monza,0.4000000000005457,True
Monza,1.6000000000003638,True
Monza,0.0,False
Monza,0.0,False
Monza,3.600000000000364,True
Monza,0.3999999999996362,True
Monza,1.6000000000003638,True
Monza,0.0,False
Monza,0.0,False
Monza,0.0,False
Monza,0.0,True
Monza,1.5999999999985448,True
Monza,1.5999999999994543,True
Monza,1.199999999999818,True
Monza,0.3999999999996362,True
Monza,0.0,False
Monza,1.2000000000007276,True
Monza,0.0,False
Monza,0.0,False
Monza,2.0000000000009095,True
Monza,0.0,False
Monza,0.0,False
Monza,1.6000000000003638,True
Monza,0.8000000000001819,True
Monza,0.4000000000005457,True
Monza,0.0,False
Monza,0.0,False
Monza,1.5999999999994543,True
Monza,2.399999999999636,True
Monza,0.8000000000010914,True
Monza,3.1999999999989086,True
Monza,1.6000000000003638,True
Monza,0.0,False
Monza,0.0,False
Monza,0.0,False
Monza,0.0,False
Monza,0.0,True
Monza,1.2000000000007276,True
Monza,0.8000000000001819,True
Monza,0.0,False
Monza,0.0,False
Monza,1.6000000000003638,True
Monza,0.0,False
Monza,0.0,False
Monza,0.4000000000005457,True
Monza,0.0,False
Monza,0.4000000000005457,True
Monza,3.600000000000364,True
Monza,0.0,False
Monza,0.0,False
Monza,1.5999999999994543,True
Monza,1.6000000000003638,True
Monza,0.0,False
Monza,0.0,False
Monza,0.0,False
Monza,0.3999999999996362,True
Monza,0.8000000000010914,True
Monza,0.0,False
Monza,0.3999999999996362,True
Monza,0.0,False
Monza,0.3999999999996362,True
Monza,1.2000000000007276,True
Monza,0.0,False
Monza,3.1999999999989086,True
Monza,1.5999999999994543,True
Monza,0.0,False
Monza,0.4000000000005457,True
Monza,1.6000000000003638,True
Monza,0.0,False
Monza,1.6000000000003638,True
Monza,0.0,False
Monza,0.3999999999996362,True
Monza,1.199999999999818,True
Monza,0.0,False
Monza,0.0,False
Monza,0.0,False
Monza,0.0,False
Monza,0.4000000000005457,True
Monza,0.0,False
Monza,0.0,False
Monza,0.3999999999996362,True
Monza,0.0,False
Monza,0.8000000000001819,True
Monza,0.0,False
Monza,0.0,False
Monza,0.0,False
Monza,0.0,False
Monza,1.6000000000003638,True
Monza,0.0,False
Monza,0.0,False
Monza,0.0,False
Monza,1.6000000000003638,True
Monza,0.0,False
Monza,1.6000000000003638,True
Monza,0.0,False
Monza,0.0,False
Monza,0.0,False
Monza,1.6000000000003638,True
Monza,0.0,False
Monza,0.0,False
Monza,1.199999999999818,True
Monza,0.0,False
Monza,0.3999999999996362,True
Monza,1.6000000000012733,True
Monza,0.8000000000001819,True
Monza,0.0,False
Monza,0.0,False
Monza,0.7999999999992724,True
Monza,0.8000000000001819,True
Monza,0.0,False
Monza,1.6000000000003638,True
Monza,0.0,False
Monza,0.8000000000001819,True
Monza,0.4000000000005457,True
Monza,2.0,True
Monza,1.6000000000003638,True
Monza,0.0,False
Monza,1.199999999999818,True
Monza,0.0,False
Monza,1.999999999998181,True
Monza,1.199999999999818,True
Monza,0.0,False
Monza,0.0,False
Monza,0.0,True
Monza,0.0,False
Monza,0.0,False
Monza,0.0,False
Monza,0.0,False
Monza,0.0,False
Monza,1.199999999999818,True
Monza,0.0,False
Monza,0.0,False
Monza,0.3999999999996362,True
Monza,1.6000000000003638,True
Monza,1.5999999999985448,True
Monza,0.4000000000005457,True
Monza,0.7999999999992724,True
Monza,0.8000000000010914,True
Monza,1.5999999999985448,True
Monza,0.3999999999996362,True
Monza,0.4000000000005457,True
Monza,4.399999999999636,True
Monza,0.0,False
Monza,3.600000000000364,True
Monza,0.0,False
Monza,0.0,False
Monza,0.0,True
Monza,1.5999999999994543,True
Monza,0.3999999999996362,True
Monza,0.0,False
Monza,1.199999999999818,True
Monza,0.0,False
Monza,0.0,False
Monza,0.4000000000005457,True
Monza,3.2000000000007276,True
Monza,1.6000000000003638,True
Monza,0.0,False
Monza,0.0,False
Monza,1.6000000000003638,True
Monza,0.0,False
Monza,1.5999999999985448,True
Monza,0.0,False
Monza,0.0,False
Monza,0.0,False
Monza,0.0,False
Monza,1.6000000000003638,True
Monza,0.0,False
Monza,2.399999999999636,True
Monza,0.0,False
Monza,0.0,False
Monza,0.4000000000005457,True
Monza,1.199999999999818,True
Monza,0.0,False
Monza,0.4000000000005457,True
Monza,0.0,False
Monza,0.0,False
Monza,0.0,False
Monza,0.0,False
Monza,0.0,False
Monza,2.399999999999636,True
Monza,1.199999999999818,True
Monza,0.0,False
Monza,1.199999999999818,True
Monza,1.6000000000012733,True
Monza,2.4000000000005457,True
Monza,0.0,False
Monza,0.0,False
Monza,0.4000000000005457,True
Monza,0.0,False
Monza,1.6000000000003638,True
Monza,0.0,False
Monza,0.0,False
Monza,1.6000000000012733,True
Monza,0.0,False
Monza,0.0,False
Monza,0.8000000000001819,True
Monza,1.2000000000007276,True
Monza,1.6000000000003638,True
Monza,0.0,False
Monza,0.0,False
Monza,1.5999999999985448,True
Monza,0.0,False
Monza,0.0,False
Monza,0.8000000000001819,True
Monza,0.0,False
Monza,0.0,False
Monza,1.6000000000003638,True
Monza,0.0,False
Monza,2.0000000000009095,True
Monza,0.7999999999992724,True
Monza,0.8000000000001819,True
Monza,0.8000000000010914,True
Monza,0.0,False
Monza,0.0,False
Monza,0.0,False
Monza,0.8000000000001819,True
Monza,2.0,True
Monza,0.0,False
Monza,0.0,False
Monza,0.0,True
Monza,0.0,False
Monza,1.5999999999994543,True
Monza,1.5999999999994543,True
Monza,3.1999999999989086,True
Monza,2.400000000001455,True
Monza,0.0,False
Monza,0.7999999999992724,True
Monza,3.2000000000007276,True
Monza,0.3999999999996362,True
Monza,0.8000000000001819,True
Monza,1.6000000000003638,True
Monza,0.8000000000010914,True
Monza,2.0,True
Monza,0.0,False
Monza,0.0,False
Monza,0.0,False
Monza,0.0,False
Monza,1.199999999999818,True
Monza,2.0000000000009095,True
Monza,0.0,False
Monza,0.0,False
Monza,0.0,False
Monza,0.0,True
Monza,0.0,False
Monza,0.0,False
Monza,3.2000000000007276,True
Monza,0.0,False
Monza,1.2000000000007276,True
Monza,0.0,False
Monza,1.6000000000003638,True
Monza,0.0,False
Monza,1.5999999999994543,True
Monza,1.2000000000007276,True
Monza,1.199999999999818,True
Monza,0.0,False
Monza,0.0,False
Monza,0.0,False
Monza,1.5999999999994543,True
Monza,1.6000000000003638,True
Monza,0.0,False
Monza,0.0,False
Monza,1.5999999999994543,True
Monza,0.0,False
Monza,0.0,False
Monza,0.8000000000001819,True
Monza,0.3999999999996362,True
Monza,0.0,False
Monza,1.5999999999994543,True
Monza,0.0,False
Monza,0.0,False
Monza,1.5999999999994543,True
Monza,0.0,False
Monza,1.9999999999990905,True
Monza,0.0,True
Monza,0.0,False
Monza,0.0,False
Monza,0.0,False
Monza,2.7999999999992724,True
Monza,0.7999999999992724,True
Monza,1.2000000000007276,True
Monza,0.0,False
Monza,0.0,False
Monza,0.0,False
Monza,1.199999999999818,True
Monza,1.6000000000003638,True
Monza,1.5999999999994543,True
Monza,0.0,True
Monza,0.7999999999992724,True
Monza,1.200000000001637,True
Monza,1.199999999999818,True
Monza,1.6000000000003638,True
Monza,1.6000000000003638,True
Monza,2.399999999999636,True
Monza,1.6000000000012733,True
Monza,0.7999999999992724,True
Monza,0.0,False
Monza,1.6000000000003638,True
Monza,1.5999999999994543,True
Monza,0.0,False
Monza,0.8000000000010914,True
Monza,1.6000000000003638,True
Monza,1.6000000000003638,True
Monza,0.0,False
Monza,1.5999999999985448,True
Monza,0.4000000000005457,True
Monza,1.9999999999990905,True
Monza,0.0,True
Monza,0.0,False
Monza,0.0,False
Monza,0.0,False
Monza,0.0,True
Monza,0.0,False
Monza,1.6000000000003638,True
Monza,0.0,False
Monza,0.0,False
Monza,2.400000000001455,True
Monza,1.5999999999994543,True
Monza,0.0,False
Monza,0.0,False
Monza,2.0,True
Monza,0.0,False
Monza,0.4000000000005457,True
Monza,0.8000000000010914,True
Monza,0.0,False
Monza,1.6000000000003638,True
Monza,1.199999999999818,True
Monza,0.3999999999996362,True
Monza,0.8000000000001819,True
Monza,0.0,False
Monza,1.6000000000003638,True
Monza,0.0,False
Monza,0.3999999999996362,True
Monza,0.0,False
Monza,0.0,False
Monza,3.2000000000007276,True
Monza,0.0,False
Monza,0.0,False
Monza,0.0,False
Monza,0.0,False
Monza,0.0,True
Monza,0.4000000000005457,True
Monza,0.0,False
Monza,0.0,False
Monza,0.0,False
Monza,0.4000000000005457,True
Monza,1.5999999999994543,True
Monza,0.3999999999996362,True
Monza,0.4000000000005457,True
Monza,0.0,False
Monza,0.0,False
Monza,0.8000000000001819,True
Monza,0.0,False
Monza,2.0,True
Monza,1.6000000000003638,True
Monza,0.0,False
Monza,0.0,False
Monza,0.8000000000001819,True
Monza,1.5999999999994543,True
Monza,1.2000000000007276,True
Monza,0.8000000000001819,True
Monza,0.0,False
Monza,0.0,False
Monza,0.0,False
Monza,0.0,False
Monza,1.6000000000003638,True
Monza,0.4000000000005457,True
Monza,0.0,False
Monza,0.0,False
Monza,0.0,False
Monza,0.0,False
Monza,0.0,False
Monza,0.0,False
Monza,1.6000000000003638,True
Monza,0.0,False
Monza,0.0,False
Monza,0.4000000000005457,True
Monza,0.0,True
Monza,0.0,False
Monza,0.8000000000001819,True
Monza,1.5999999999994543,True
Monza,1.6000000000003638,True
Monza,0.0,False
Monza,0.0,False
Monza,0.0,False
Monza,0.0,False
Monza,0.0,False
Monza,0.0,False
Monza,0.8000000000001819,True
Monza,0.0,False
Monza,1.6000000000003638,True
Monza,0.3999999999996362,True
Monza,1.6000000000003638,True
Monza,0.0,True
Monza,0.0,False
Monza,0.0,False
Monza,1.5999999999985448,True
Monza,0.4000000000005457,True
Monza,1.6000000000003638,True
Monza,0.0,True
Monza,1.199999999999818,True
Monza,0.0,False
Monza,0.0,False
Monza,0.8000000000001819,True
Monza,1.5999999999985448,True
Monza,0.0,False
Monza,1.6000000000003638,True
Monza,0.3999999999996362,True
Monza,0.3999999999996362,True
Monza,0.0,False
Monza,0.0,False
Monza,1.199999999999818,True
Monza,0.0,False
Monza,0.3999999999996362,True
Monza,1.6000000000003638,True
Monza,0.7999999999992724,True
Monza,0.0,False
Monza,1.6000000000003638,True
Monza,0.4000000000005457,True
Monza,0.0,False
Monza,1.6000000000003638,True
Monza,0.0,False
Monza,1.5999999999994543,True
Monza,0.0,False
Monza,0.0,False
Monza,0.8000000000010914,True
Monza,0.0,False
Monza,0.8000000000001819,True
Monza,0.0,False
Monza,0.0,False
Monza,2.0,True
Monza,0.0,False
Monza,1.5999999999994543,True
Monza,0.0,False
Monza,0.0,False
Monza,0.8000000000001819,True
Monza,0.0,False
Monza,0.0,False
Monza,0.8000000000001819,True
Monza,1.5999999999994543,True
Monza,0.0,False
Monza,0.0,False
Monza,0.0,False
Monza,0.0,False
Monza,2.8000000000010914,True
Monza,1.9999999999990905,True
Monza,0.0,False
Monza,1.2000000000007276,True
Monza,0.0,True
Monza,2.000000000001819,True
Monza,0.0,False
Monza,0.3999999999996362,True
Monza,0.8000000000001819,True
Monza,0.0,False
Monza,1.5999999999994543,True
Monza,0.3999999999996362,True
Monza,1.5999999999985448,True
Monza,1.5999999999994543,True
Monza,0.4000000000005457,True
Monza,1.199999999999818,True
Monza,1.5999999999994543,True
Monza,0.0,False
Monza,0.0,False
Monza,1.6000000000003638,True
Monza,1.2000000000007276,True
Monza,0.0,False
Monza,0.0,False
Monza,0.8000000000001819,True
Monza,0.0,False
Monza,0.8000000000010914,True
Monza,0.0,False
Monza,0.0,False
Monza,0.0,False
Monza,0.3999999999996362,True
Monza,1.9999999999990905,True
Monza,0.3999999999996362,True
Monza,0.8000000000010914,True
Monza,0.0,False
Monza,0.0,False
Monza,0.0,False
Monza,3.199999999999818,True
Monza,1.5999999999985448,True
Monza,0.0,False
Monza,0.0,False
Monza,0.0,False
Monza,1.6000000000003638,True
Monza,0.0,False
Monza,0.8000000000001819,True
Monza,0.0,False
Monza,3.2000000000007276,True
Monza,0.8000000000001819,True
Monza,1.5999999999994543,True
Monza,1.5999999999985448,True
Monza,0.0,False
Monza,3.1999999999989086,True
Monza,0.0,False
Monza,0.0,False
Monza,1.5999999999994543,True
Monza,0.0,False
Monza,1.199999999999818,True
Monza,1.199999999999818,True
Monza,1.6000000000003638,True
Monza,0.4000000000005457,True
Monza,0.0,True
Monza,1.2000000000007276,True
Monza,0.0,False
Monza,3.199999999999818,True
Monza,1.199999999999818,True
Monza,0.8000000000001819,True
Monza,0.0,False
Monza,0.0,False
Monza,0.0,False
Monza,0.8000000000001819,True
Monza,0.8000000000010914,True
Monza,1.6000000000003638,True
Monza,0.0,False
Monza,0.3999999999996362,True
Monza,3.2000000000007276,True
Monza,0.4000000000005457,True
Monza,0.4000000000005457,True
Monza,2.4000000000005457,True
Monza,0.0,False
Monza,1.6000000000003638,True
Monza,0.0,False
Monza,1.5999999999994543,True
Monza,0.4000000000005457,True
Monza,0.4000000000005457,True
Monza,0.0,False
Monza,0.0,False
Monza,0.0,False
Monza,0.4000000000005457,True
Monza,0.0,False
Monza,1.199999999999818,True
Monza,0.0,False
Monza,0.0,False
Monza,2.800000000002001,True
Monza,0.0,False
Monza,1.6000000000003638,True
Monza,1.5999999999994543,True
Monza,0.0,False
Monza,1.6000000000003638,True
Monza,0.0,False
Monza,0.0,False
Monza,0.0,False
Monza,0.0,False
Monza,0.0,True
Monza,1.5999999999985448,True
Monza,0.0,False
Monza,0.0,False
Monza,4.799999999998363,True
Monza,0.0,False
Monza,0.0,False
Monza,0.0,True
Monza,0.8000000000001819,True
Monza,0.0,False
Monza,0.7999999999992724,True
Monza,0.0,False
Monza,0.0,False
Monza,1.6000000000003638,True
Monza,1.5999999999994543,True
Monza,1.6000000000003638,True
Monza,0.0,False
Monza,0.0,False
Monza,0.0,True
Monza,0.0,False
Monza,0.0,False
Monza,0.0,False
Monza,0.8000000000001819,True
Monza,1.199999999999818,True
Monza,2.0,True
Monza,0.0,False
Monza,0.0,False
Monza,0.3999999999996362,True
Monza,0.0,False
Monza,0.0,False
Monza,0.0,False
Monza,0.0,False
Monza,2.400000000001455,True
Monza,0.4000000000005457,True
Monza,0.8000000000001819,True
Monza,0.0,False
Monza,0.0,False
Monza,0.3999999999996362,True
Monza,1.6000000000003638,True
Monza,2.0,True
Monza,1.5999999999985448,True
Monza,0.0,False
Monza,3.199999999999818,True
Monza,1.6000000000003638,True
Monza,0.0,False
Monza,0.0,False
Monza,1.5999999999985448,True
Monza,0.0,False
Monza,0.0,False
Monza,0.0,False
Monza,0.8000000000001819,True
Monza,1.6000000000003638,True
Monza,0.0,False
Monza,0.8000000000001819,True
Monza,1.6000000000003638,True
Monza,0.0,False
Monza,0.3999999999996362,True
Monza,1.6000000000003638,True
Monza,0.0,False
Monza,1.199999999999818,True
Monza,0.0,False
Monza,1.6000000000003638,True
Monza,0.0,False
Monza,0.8000000000001819,True
Monza,0.0,False
Monza,1.6000000000003638,True
Monza,0.0,False
Monza,0.0,False
Monza,1.5999999999994543,True
Monza,1.2000000000007276,True
Monza,0.0,False
Monza,0.0,False
Monza,0.0,False
Monza,2.0000000000009095,True
Monza,1.5999999999985448,True
Monza,0.8000000000001819,True
Monza,0.0,False
Monza,0.0,False
Monza,0.0,False
Monza,0.0,False
Monza,0.0,False
Monza,1.199999999999818,True
Monza,2.0,True
Monza,0.0,False
Monza,0.0,False
Monza,0.4000000000005457,True
Monza,0.3999999999996362,True
Monza,0.0,False
Monza,0.0,False
Monza,0.0,False
Monza,0.0,False
Monza,1.6000000000003638,True
Monza,0.0,False
Monza,0.0,False
Monza,0.7999999999992724,True
Monza,1.6000000000003638,True
Monza,0.0,False
Monza,1.9999999999990905,True
Monza,0.0,False
Monza,1.6000000000003638,True
Monza,0.0,False
Monza,1.9999999999990905,True
Monza,0.0,False
Monza,1.199999999999818,True
Monza,1.199999999999818,True
Monza,0.0,False
Monza,1.6000000000003638,True
Monza,0.8000000000001819,True
Monza,2.399999999999636,True
Monza,0.0,False
Monza,0.3999999999996362,True
Monza,0.3999999999996362,True
Monza,0.0,True
Monza,0.0,False
Monza,2.0,True
Monza,0.0,False
Monza,3.2000000000007276,True
Monza,0.0,False
Monza,0.0,False
Monza,0.4000000000005457,True
Monza,0.0,False
Monza,3.2000000000007276,True
Monza,0.0,False
Monza,0.4000000000005457,True
Monza,2.4000000000005457,True
Monza,0.0,False
Monza,0.0,False
Monza,1.199999999999818,True
Monza,2.399999999999636,True
Monza,1.2000000000007276,True
Monza,1.2000000000007276,True
Monza,1.5999999999994543,True
Monza,0.8000000000001819,True
Monza,0.0,False
Monza,0.0,False
Monza,1.5999999999994543,True
Monza,2.7999999999992724,True
Monza,0.0,False
Monza,0.0,False
Monza,1.6000000000003638,True
Monza,1.5999999999985448,True
Monza,0.0,False
Monza,2.800000000000182,True
Monza,0.0,False
Monza,0.0,False
Monza,1.5999999999994543,True
Monza,1.6000000000003638,True
Monza,0.0,False
Monza,1.5999999999994543,True
Monza,3.1999999999989086,True
Monza,0.3999999999996362,True
Monza,0.3999999999996362,True
Monza,1.6000000000003638,True
Monza,1.5999999999994543,True
Monza,0.0,False
Monza,0.8000000000001819,True
Monza,0.0,False
Monza,0.0,False
Monza,1.6000000000003638,True
Monza,0.0,False
Monza,0.0,False
Monza,1.5999999999994543,True
Monza,0.4000000000005457,True
Monza,2.800000000000182,True
Monza,0.8000000000001819,True
Monza,0.8000000000001819,True
Monza,0.4000000000005457,True
Monza,0.0,False
Monza,1.6000000000003638,True
Monza,2.7999999999992724,True
Monza,0.4000000000005457,True
Monza,0.8000000000001819,True
Monza,0.0,False
Monza,0.0,False
Monza,0.0,False
Monza,1.5999999999994543,True
Monza,1.199999999999818,True
Monza,0.0,False
Monza,0.0,False
Monza,0.0,False
Monza,0.0,False
Monza,0.0,False
Monza,0.8000000000001819,True
Monza,0.0,True
Monza,0.0,False
Monza,1.6000000000003638,True
Monza,1.199999999999818,True
Monza,0.0,False
Monza,0.0,False
Monza,0.0,False
Monza,1.6000000000003638,True
Monza,2.0,True
Monza,1.5999999999994543,True
Monza,0.0,False
Monza,1.5999999999994543,True
Monza,0.4000000000005457,True
Monza,0.0,False
Monza,0.7999999999992724,True
Monza,4.0,True
Monza,0.0,False
Monza,0.3999999999996362,True
Monza,1.200000000001637,True
Monza,1.6000000000003638,True
Monza,0.3999999999996362,True
Monza,0.0,False
Monza,0.0,False
Monza,1.6000000000003638,True
Monza,0.0,False
Monza,1.6000000000003638,True
Monza,0.3999999999996362,True
Monza,0.8000000000001819,True
Monza,0.0,False
Monza,1.6000000000012733,True
Monza,3.2000000000007276,True
Monza,0.3999999999996362,True
Monza,0.8000000000001819,True
Monza,1.999999999998181,True
Monza,0.0,False
Monza,0.0,True
Monza,1.6000000000003638,True
Monza,0.0,False
Monza,0.0,False
Monza,1.2000000000007276,True
Monza,1.5999999999985448,True
Monza,0.8000000000001819,True
Monza,0.0,False
Monza,0.8000000000010914,True
Monza,0.0,False
Monza,0.0,False
Monza,0.8000000000001819,True
Monza,0.4000000000005457,True
Monza,0.0,False
Monza,0.0,False
Monza,0.0,False
Monza,0.0,False
Monza,3.199999999999818,True
Monza,1.6000000000003638,True
Monza,0.0,False
Monza,0.0,False
Monza,0.3999999999996362,True
Monza,0.8000000000001819,True
Monza,1.5999999999994543,True
Monza,2.800000000000182,True
Monza,1.2000000000007276,True
Monza,1.6000000000003638,True
Monza,1.2000000000007276,True
Monza,1.6000000000003638,True
Monza,0.4000000000005457,True
Monza,0.0,False
Monza,0.0,False
Monza,0.0,False
Monza,1.6000000000012733,True
Monza,0.8000000000001819,True
Monza,1.5999999999994543,True
Monza,0.0,False
Monza,0.0,False
Monza,0.0,False
Monza,2.0,True
Monza,1.5999999999994543,True
Monza,0.0,False
Monza,0.3999999999996362,True
Monza,0.0,False
Monza,0.0,False
Monza,0.8000000000010914,True
Monza,0.0,False
Monza,0.0,False
Monza,0.0,False
Monza,0.0,False
Monza,1.6000000000003638,True
Monza,0.8000000000001819,True
Monza,0.3999999999996362,True
Monza,0.0,False
Monza,0.0,False
Monza,1.199999999999818,True
Monza,0.0,False
Monza,1.5999999999994543,True
Monza,0.3999999999996362,True
Monza,0.8000000000001819,True
Monza,0.8000000000001819,True
Monza,0.0,False
Monza,2.0,True
Monza,0.0,False
Monza,1.199999999999818,True
Monza,0.0,False
Monza,0.0,False
Monza,0.0,False
Monza,0.0,False
Monza,0.0,False
Monza,0.8000000000010914,True
Monza,0.3999999999996362,True
Monza,0.0,False
Monza,1.6000000000003638,True
Monza,0.8000000000001819,True
Monza,0.0,False
Monza,0.3999999999996362,True
Monza,1.5999999999994543,True
Monza,0.0,False
Monza,0.3999999999996362,True
Monza,0.4000000000005457,True
Monza,1.5999999999994543,True
Monza,2.399999999999636,True
Monza,0.0,True
Monza,1.6000000000003638,True
Monza,0.0,False
Monza,1.2000000000007276,True
Monza,0.0,False
Monza,0.0,False
Monza,2.0,True
Monza,2.399999999999636,True
Monza,0.0,False
Monza,0.0,False
Monza,1.6000000000003638,True
Monza,0.0,False
Monza,0.0,False
Monza,0.7999999999992724,True
Monza,0.3999999999996362,True
Monza,1.5999999999994543,True
Monza,0.0,False
Monza,0.4000000000005457,True
Monza,0.0,False
Monza,0.0,False
Monza,0.7999999999992724,True
Monza,1.5999999999994543,True
Monza,3.2000000000007276,True
Monza,0.0,False
Monza,1.199999999999818,True
Monza,0.0,False
Monza,0.0,False
Monza,0.0,False
Monza,0.0,False
Monza,1.6000000000003638,True
Monza,0.0,False
Monza,0.0,False
Monza,0.8000000000010914,True
Monza,0.0,False
Monza,1.199999999999818,True
Monza,0.7999999999992724,True
Monza,0.0,False
Monza,1.5999999999994543,True
Monza,1.6000000000003638,True
Monza,0.0,False
Monza,0.0,False
Monza,1.5999999999985448,True
Monza,0.0,False
Monza,1.6000000000003638,True
Monza,0.0,False
Monza,0.0,False
Monza,0.0,False
Monza,0.0,False
Monza,0.8000000000001819,True
Monza,0.8000000000001819,True
Monza,0.0,False
Monza,0.0,False
Monza,0.0,False
Monza,0.7999999999992724,True
Monza,1.6000000000003638,True
Monza,1.6000000000003638,True
Monza,0.4000000000005457,True
Monza,0.4000000000005457,True
Monza,0.0,False
Monza,1.6000000000003638,True
Monza,0.0,False
Monza,0.3999999999996362,True
Monza,0.0,False
Monza,2.400000000001455,True
Monza,1.2000000000007276,True
Monza,0.0,False
Monza,2.0000000000009095,True
Monza,0.0,False
Monza,0.0,False
Monza,0.0,False
Monza,0.4000000000005457,True
Monza,0.0,False
Monza,2.399999999999636,True
Monza,0.0,False
Monza,0.0,False
Monza,0.0,False
Monza,0.0,False
Monza,1.5999999999994543,True
Monza,1.199999999999818,True
Monza,0.0,False
Monza,0.0,False
Monza,0.0,False
Monza,0.0,False
Monza,1.199999999999818,True
Monza,0.0,False
Monza,2.7999999999992724,True
Spa,1.6000000000003638,True
Spa,0.0,True
Spa,0.0,False
Spa,0.0,False
Spa,0.4000000000005457,True
Spa,0.0,False
Spa,1.6000000000003638,True
Spa,1.5999999999985448,True
Spa,0.0,False
Spa,0.8000000000010914,True
Spa,0.0,False
Spa,0.3999999999996362,True
Spa,0.0,False
Spa,0.3999999999996362,True
Spa,0.0,False
Spa,0.0,False
Spa,1.6000000000003638,True
Spa,0.7999999999992724,True
Spa,0.0,False
Spa,0.0,False
Spa,0.0,False
Spa,1.199999999999818,True
Spa,2.0,True
Spa,0.0,False
Spa,0.0,False
Spa,0.4000000000005457,True
Spa,0.0,False
Spa,0.0,False
Spa,0.0,False
Spa,2.399999999999636,True
Spa,0.3999999999996362,True
Spa,0.0,False
Spa,0.0,False
Spa,0.0,False
Spa,0.0,False
Spa,0.4000000000005457,True
Spa,1.5999999999994543,True
Spa,0.3999999999996362,True
Spa,0.0,False
Spa,0.0,False
Spa,0.4000000000005457,True
Spa,0.3999999999996362,True
Spa,0.0,False
Spa,0.0,False
Spa,0.0,False
Spa,0.0,False
Spa,0.0,False
Spa,0.0,False
Spa,0.0,False
Spa,0.0,False
Spa,0.0,False
Spa,1.2000000000007276,True
Spa,1.2000000000007276,True
Spa,0.0,False
Spa,1.6000000000003638,True
Spa,0.0,False
Spa,0.0,False
Spa,0.0,False
Spa,1.5999999999994543,True
Spa,0.0,False
Spa,0.0,False
Spa,0.0,True
Spa,1.5999999999985448,True
Spa,2.8000000000010914,True
Spa,0.0,False
Spa,0.0,False
Spa,0.8000000000001819,True
Spa,0.0,False
Spa,0.0,False
Spa,0.3999999999996362,True
Spa,0.0,False
Spa,0.0,False
Spa,0.0,False
Spa,0.0,False
Spa,0.0,False
Spa,0.0,False
Spa,0.7999999999992724,True
Spa,1.6000000000003638,True
Spa,0.0,False
Spa,0.3999999999996362,True
Spa,0.0,True
Spa,0.0,False
Spa,1.6000000000003638,True
Spa,0.0,False
Spa,0.0,False
Spa,0.0,False
Spa,0.0,False
Spa,1.199999999999818,True
Spa,0.0,False
Spa,0.0,False
Spa,0.0,False
Spa,0.0,False
Spa,0.0,False
Spa,0.0,False
Spa,0.0,False
Spa,2.399999999999636,True
Spa,3.1999999999989086,True
Spa,0.0,False
Spa,2.0,True
Spa,0.0,False
Spa,0.0,False
Spa,1.6000000000003638,True
Spa,0.0,False
Spa,0.8000000000010914,True
Spa,0.0,False
Spa,0.0,False
Spa,0.3999999999996362,True
Spa,0.0,False
Spa,0.0,False
Spa,0.0,False
Spa,1.5999999999994543,True
Spa,0.0,True
Spa,0.0,True
Spa,0.0,False
Spa,0.8000000000001819,True
Spa,0.0,False
Spa,0.8000000000001819,True
Spa,0.0,True
Spa,0.0,True
Spa,0.0,False
Spa,0.0,False
Spa,1.199999999999818,True
Spa,1.5999999999985448,True
Spa,1.200000000001637,True
Spa,1.6000000000012733,True
Spa,1.2000000000007276,True
Spa,0.0,False
Spa,0.3999999999996362,True
Spa,0.3999999999996362,True
Spa,0.0,True
Spa,0.0,False
Spa,0.0,False
Spa,1.6000000000003638,True
Spa,0.0,False
Spa,1.2000000000007276,True
Spa,0.0,False
Spa,0.0,False
Spa,0.0,False
Spa,1.5999999999994543,True
Spa,0.0,False
Spa,0.0,False
Spa,2.0,True
Spa,0.0,False
Spa,1.199999999999818,True
Spa,0.0,False
Spa,0.4000000000005457,True
Spa,0.0,False
Spa,1.5999999999994543,True
Spa,0.0,False
Spa,2.0,True
Spa,2.0,True
Spa,0.0,False
Spa,0.0,False
Spa,0.0,False
Spa,0.0,False
Spa,0.0,False
Spa,0.0,True
Spa,0.0,False
Spa,0.0,False
Spa,0.0,False
Spa,0.0,True
Spa,0.4000000000005457,True
Spa,0.0,False
Spa,2.0,True
Spa,0.8000000000001819,True
Spa,1.5999999999994543,True
Spa,1.199999999999818,True
Spa,2.7999999999992724,True
Spa,0.0,False
Spa,0.4000000000005457,True
Spa,2.3999999999987267,True
Spa,1.199999999999818,True
Spa,0.0,False
Spa,1.2000000000007276,True
Spa,0.0,False
Spa,0.0,False
Spa,2.0,True
Spa,0.0,False
Spa,0.0,True
Spa,1.6000000000021828,True
Spa,0.0,False
Spa,0.4000000000005457,True
Spa,0.7999999999992724,True
Spa,0.8000000000001819,True
Spa,0.0,False
Spa,0.0,False
Spa,0.0,False
Spa,0.0,False
Spa,0.0,False
Spa,0.0,False
Spa,0.0,False
Spa,0.0,False
Spa,0.0,False
Spa,1.6000000000003638,True
Spa,0.0,False
Spa,0.0,False
Spa,0.0,False
Spa,2.4000000000005457,True
Spa,0.0,False
Spa,3.199999999999818,True
Spa,0.0,False
Spa,0.0,False
Spa,0.3999999999996362,True
Spa,0.0,False
Spa,0.0,False
Spa,0.0,False
Spa,0.0,False
Spa,0.0,False
Spa,0.0,False
Spa,1.6000000000003638,True
Spa,0.0,False
Spa,1.2000000000007276,True
Spa,0.0,False
Spa,0.0,False
Spa,0.7999999999992724,True
Spa,0.0,False
Spa,0.0,False
Spa,0.0,False
Spa,0.4000000000005457,True
Spa,0.0,False
Spa,0.0,False
Spa,0.0,False
Spa,0.0,False
Spa,0.0,False
Spa,0.0,False
Spa,0.0,False
Spa,0.4000000000005457,True
Spa,0.0,False
Spa,0.8000000000001819,True
Spa,2.0,True
Spa,0.0,False
Spa,0.0,False
Spa,0.0,False
Spa,1.6000000000003638,True
Spa,0.0,False
Spa,1.6000000000003638,True
Spa,0.0,False
Spa,0.0,False
Spa,0.0,False
Spa,1.5999999999994543,True
Spa,0.8000000000001819,True
Spa,0.0,False
Spa,2.800000000000182,True
Spa,2.4000000000005457,True
Spa,0.0,False
Spa,0.8000000000001819,True
Spa,1.5999999999994543,True
Spa,0.8000000000001819,True
Spa,0.0,False
Spa,0.0,False
Spa,0.0,False
Spa,0.0,False
Spa,0.0,False
Spa,0.7999999999992724,True
Spa,0.0,False
Spa,0.0,False
Spa,0.0,False
Spa,0.0,False
Spa,0.0,False
Spa,0.0,False
Spa,0.0,False
Spa,0.0,False
Spa,0.0,False
Spa,0.0,False
Spa,1.5999999999994543,True
Spa,0.0,False
Spa,1.1999999999989086,True
Spa,0.0,False
Spa,0.0,False
Spa,0.0,False
Spa,0.0,False
Spa,0.0,False
Spa,0.0,False
Spa,1.6000000000003638,True
Spa,1.6000000000003638,True
Spa,0.0,False
Spa,0.0,False
Spa,0.0,False
Spa,1.2000000000007276,True
Spa,0.8000000000001819,True
Spa,1.5999999999994543,True
Spa,1.2000000000007276,True
Spa,0.0,False
Spa,0.0,False
Spa,0.0,False
Spa,0.8000000000001819,True
Spa,0.0,False
Spa,0.8000000000001819,True
Spa,0.8000000000001819,True
Spa,0.0,False
Spa,2.4000000000005457,True
Spa,0.0,False
Spa,0.3999999999996362,True
Spa,0.0,False
Spa,0.0,False
Spa,1.199999999999818,True
Spa,0.0,False
Spa,0.7999999999992724,True
Spa,0.0,False
Spa,0.0,False
Spa,0.0,False
Spa,0.0,False
Spa,1.6000000000003638,True
Spa,1.199999999999818,True
Spa,0.8000000000001819,True
Spa,0.0,True
Spa,0.0,False
Spa,0.0,False
Spa,0.0,False
Spa,0.0,False
Spa,0.3999999999996362,True
Spa,0.0,False
Spa,1.6000000000012733,True
Spa,0.0,False
Spa,1.5999999999994543,True
Spa,0.4000000000005457,True
Spa,0.0,False
Spa,2.4000000000005457,True
Spa,3.200000000001637,True
Spa,0.0,False
Spa,0.0,False
Spa,0.0,False
Spa,0.3999999999996362,True
Spa,1.1999999999989086,True
Spa,0.0,False
Spa,0.0,True
Spa,0.3999999999996362,True
Spa,0.8000000000010914,True
Spa,0.0,False
Spa,0.0,False
Spa,0.0,False
Spa,0.0,False
Spa,1.2000000000007276,True
Spa,0.0,False
Spa,0.4000000000005457,True
Spa,0.0,False
Spa,0.0,False
Spa,0.0,False
Spa,2.0,True
Spa,0.0,False
Spa,0.0,False
Spa,0.0,False
Spa,1.1999999999989086,True
Spa,0.0,False
Spa,0.0,False
Spa,0.0,False
Spa,0.0,False
Spa,0.8000000000010914,True
Spa,0.4000000000005457,True
Spa,0.0,True
Spa,1.2000000000007276,True
Spa,2.800000000000182,True
Spa,0.0,False
Spa,0.7999999999992724,True
Spa,0.0,False
Spa,0.0,False
Spa,0.4000000000005457,True
Spa,0.0,False
Spa,0.8000000000001819,True
Spa,1.6000000000003638,True
Spa,0.0,False
Spa,1.2000000000007276,True
Spa,0.0,False
Spa,0.0,False
Spa,0.8000000000001819,True
Spa,0.0,False
Spa,0.0,False
Spa,0.7999999999992724,True
Spa,0.0,True
Spa,0.8000000000001819,True
Spa,0.0,False
Spa,0.8000000000001819,True
Spa,0.0,False
Spa,0.0,True
Spa,1.6000000000003638,True
Spa,0.0,False
Spa,0.0,False
Spa,0.0,False
Spa,0.0,False
Spa,0.8000000000001819,True
Spa,0.0,False
Spa,1.199999999999818,True
Spa,0.0,False
Spa,0.0,False
Spa,0.0,False
Spa,0.0,False
Spa,1.5999999999994543,True
Spa,1.6000000000003638,True
Spa,0.3999999999996362,True
Spa,0.0,False
Spa,1.6000000000003638,True
Spa,0.8000000000010914,True
Spa,0.8000000000001819,True
Spa,0.0,False
Spa,0.0,False
Spa,0.0,False
Spa,0.0,False
Spa,0.3999999999996362,True
Spa,0.0,False
Spa,1.200000000001637,True
Spa,0.0,False
Spa,0.0,False
Spa,0.0,False
Spa,0.8000000000001819,True
Spa,0.0,False
Spa,0.0,False
Spa,0.0,False
Spa,0.0,False
Spa,1.6000000000012733,True
Spa,0.8000000000001819,True
Spa,1.5999999999994543,True
Spa,0.0,False
Spa,1.5999999999985448,True
Spa,1.5999999999994543,True
Spa,0.3999999999996362,True
Spa,0.8000000000001819,True
Spa,0.0,False
Spa,0.0,False
Spa,0.0,False
Spa,0.0,False
Spa,1.6000000000003638,True
Spa,2.399999999999636,True
Spa,1.6000000000003638,True
Spa,0.0,False
Spa,0.8000000000010914,True
Spa,1.6000000000003638,True
Spa,0.0,False
Spa,0.0,False
Spa,4.399999999998727,True
Spa,0.0,False
Spa,0.0,False
Spa,0.0,False
Spa,0.0,False
Spa,0.0,False
Spa,0.0,True
Spa,1.6000000000003638,True
Spa,0.0,False
Spa,0.0,False
Spa,0.0,False
Spa,0.0,False
Spa,0.8000000000001819,True
Spa,0.8000000000001819,True
Spa,0.0,False
Spa,1.5999999999985448,True
Spa,0.0,False
Spa,0.0,False
Spa,0.0,False
Spa,0.0,False
Spa,0.7999999999992724,True
Spa,0.0,False
Spa,1.5999999999994543,True
Spa,0.3999999999996362,True
Spa,0.0,True
Spa,1.5999999999994543,True
Spa,0.8000000000001819,True
Spa,3.199999999999818,True
Spa,2.799999999998363,True
Spa,0.0,False
Spa,1.5999999999985448,True
Spa,1.6000000000003638,True
Spa,0.0,False
Spa,0.7999999999992724,True
Spa,0.0,False
Spa,0.0,False
Spa,2.399999999999636,True
Spa,1.5999999999985448,True
Spa,0.0,False
Spa,0.0,False
Spa,0.3999999999996362,True
Spa,0.8000000000010914,True
Spa,0.0,False
Spa,1.6000000000003638,True
Spa,0.0,False
Spa,0.0,False
Spa,0.0,False
Spa,0.0,False
Spa,0.0,False
Spa,0.0,False
Spa,0.4000000000005457,True
Spa,2.0000000000009095,True
Spa,1.6000000000003638,True
Spa,0.0,False
Spa,0.0,False
Spa,0.0,False
Spa,3.200000000001637,True
Spa,0.0,False
Spa,1.6000000000003638,True
Spa,0.0,False
Spa,1.199999999999818,True
Spa,1.6000000000012733,True
Spa,0.4000000000005457,True
Spa,0.7999999999992724,True
Spa,0.0,False
Spa,1.6000000000003638,True
Spa,0.0,False
Spa,0.0,True
Spa,1.6000000000003638,True
Spa,0.0,False
Spa,1.2000000000007276,True
Spa,0.0,False
Spa,1.2000000000007276,True
Spa,0.0,False
Spa,0.0,False
Spa,0.0,False
Spa,0.4000000000005457,True
Spa,2.0,True
Spa,0.0,True
Spa,1.6000000000003638,True
Spa,1.6000000000003638,True
Spa,0.0,False
Spa,0.0,False
Spa,1.5999999999994543,True
Spa,0.0,False
Spa,1.2000000000007276,True
Spa,0.0,False
Spa,0.0,False
Spa,0.0,False
Spa,0.0,False
Spa,0.0,False
Spa,0.0,False
Spa,0.0,False
Spa,0.7999999999992724,True
Spa,0.0,False
Spa,0.0,False
Spa,0.4000000000005457,True
Spa,1.5999999999994543,True
Spa,0.0,False
Spa,1.5999999999994543,True
Spa,0.0,False
Spa,0.0,False
Spa,0.0,False
Spa,0.0,False
Spa,1.1999999999989086,True
Spa,0.0,False
Spa,0.8000000000001819,True
Spa,2.800000000000182,True
Spa,0.8000000000001819,True
Spa,0.0,False
Spa,0.0,False
Spa,0.0,False
Spa,0.0,False
Spa,1.200000000001637,True
Spa,0.0,False
Spa,0.4000000000005457,True
Spa,0.3999999999996362,True
Spa,0.0,False
Spa,0.0,False
Spa,0.0,False
Spa,0.8000000000001819,True
Spa,0.0,False
Spa,0.7999999999992724,True
Spa,0.0,True
Spa,0.0,False
Spa,0.0,False
Spa,0.0,False
Spa,0.0,False
Spa,1.6000000000003638,True
Spa,0.7999999999992724,True
Spa,2.399999999999636,True
Spa,0.7999999999992724,True
Spa,1.5999999999994543,True
Spa,1.6000000000003638,True
Spa,1.6000000000003638,True
Spa,0.0,False
Spa,0.0,False
Spa,1.2000000000007276,True
Spa,0.0,False
Spa,0.0,False
Spa,0.0,False
Spa,0.0,False
Spa,1.6000000000003638,True
Spa,1.6000000000003638,True
Spa,1.6000000000003638,True
Spa,0.0,True
Spa,0.0,False
Spa,0.0,False
Spa,0.0,False
Spa,0.0,False
Spa,0.3999999999996362,True
Spa,0.8000000000001819,True
Spa,0.0,False
Spa,0.4000000000005457,True
Spa,0.0,False
Spa,0.0,False
Spa,0.4000000000005457,True
Spa,2.0000000000009095,True
Spa,0.0,False
Spa,0.0,False
Spa,0.0,False
Spa,1.6000000000003638,True
Spa,0.7999999999992724,True
Spa,0.0,False
Spa,0.0,False
Spa,0.4000000000005457,True
Spa,0.0,False
Spa,0.3999999999996362,True
Spa,1.2000000000007276,True
Spa,1.6000000000003638,True
Spa,0.0,False
Spa,0.0,False
Spa,1.1999999999989086,True
Spa,1.6000000000003638,True
Spa,0.0,False
Spa,0.8000000000001819,True
Spa,0.0,False
Spa,1.5999999999994543,True
Spa,0.0,False
Spa,0.0,False
Spa,0.0,False
Spa,0.0,False
Spa,0.3999999999996362,True
Spa,0.0,False
Spa,1.5999999999994543,True
Spa,1.6000000000003638,True
Spa,1.199999999999818,True
Spa,0.0,False
Spa,1.2000000000007276,True
Spa,0.7999999999992724,True
Spa,1.5999999999994543,True
Spa,0.4000000000005457,True
Spa,2.0000000000009095,True
Spa,0.0,False
Spa,1.6000000000003638,True
Spa,0.8000000000001819,True
Spa,0.0,False
Spa,0.0,False
Spa,1.5999999999994543,True
Spa,0.0,False
Spa,0.8000000000010914,True
Spa,0.0,False
Spa,0.0,False
Spa,0.0,False
Spa,0.0,False
Spa,0.3999999999996362,True
Spa,1.6000000000012733,True
Spa,1.2000000000007276,True
Spa,0.0,False
Spa,0.0,False
Spa,0.0,False
Spa,0.0,False
Spa,0.0,False
Spa,2.399999999999636,True
Spa,2.399999999999636,True
Spa,0.7999999999992724,True
Spa,0.8000000000001819,True
Spa,0.0,False
Spa,1.5999999999985448,True
Spa,0.0,False
Spa,0.0,False
Spa,0.8000000000001819,True
Spa,0.0,False
Spa,0.0,False
Spa,3.2000000000007276,True
Spa,0.0,False
Spa,0.3999999999996362,True
Spa,1.6000000000003638,True
Spa,0.0,False
Spa,1.5999999999994543,True
Spa,0.0,False
Spa,0.0,False
Spa,0.3999999999996362,True
Spa,1.2000000000007276,True
Spa,0.3999999999996362,True
Spa,0.0,False
Spa,0.3999999999996362,True
Spa,0.8000000000010914,True
Spa,0.0,False
Spa,0.4000000000005457,True
Spa,0.0,False
Spa,1.2000000000007276,True
Spa,0.0,False
Spa,0.0,False
Spa,0.0,False
Spa,0.0,False
Spa,0.0,False
Spa,1.5999999999994543,True
Spa,0.0,False
Spa,0.0,False
Spa,0.3999999999996362,True
Spa,0.0,False
Spa,0.0,False
Spa,0.8000000000001819,True
Spa,0.0,False
Spa,1.199999999999818,True
Spa,0.0,False
Spa,0.3999999999996362,True
Spa,0.0,False
Spa,0.0,False
Spa,0.0,True
Spa,0.0,False
Spa,0.0,False
Spa,1.5999999999994543,True
Spa,0.4000000000005457,True
Spa,0.3999999999996362,True
Spa,0.0,False
Spa,0.0,False
Spa,0.0,False
Spa,1.5999999999994543,True
Spa,0.0,False
Spa,0.0,False
Spa,0.0,False
Spa,3.199999999997999,True
Spa,0.3999999999996362,True
Spa,0.3999999999996362,True
Spa,0.0,False
Spa,1.199999999999818,True
Spa,0.0,False
Spa,1.2000000000007276,True
Spa,0.0,True
Spa,1.199999999999818,True
Spa,1.6000000000003638,True
Spa,1.5999999999994543,True
Spa,1.5999999999994543,True
Spa,0.0,False
Spa,0.0,False
Spa,0.0,False
Spa,0.0,False
Spa,0.8000000000001819,True
Spa,2.400000000001455,True
Spa,0.0,False
Spa,0.0,False
Spa,1.5999999999994543,True
Spa,1.1999999999989086,True
Spa,0.0,False
Spa,1.6000000000003638,True
Spa,0.8000000000001819,True
Spa,0.0,False
Spa,0.4000000000005457,True
Spa,0.0,False
Spa,0.0,False
Spa,0.0,False
Spa,0.0,False
Spa,0.3999999999996362,True
Spa,0.0,False
Spa,1.6000000000003638,True
Spa,2.7999999999992724,True
Spa,1.199999999999818,True
Spa,0.0,False
Spa,0.0,False
Spa,0.0,False
Spa,1.5999999999994543,True
Spa,0.8000000000001819,True
Spa,0.0,False
Spa,0.0,False
Spa,0.0,False
Spa,0.0,False
Spa,0.7999999999992724,True
Spa,0.0,False
Spa,1.199999999999818,True
Spa,0.0,False
Spa,0.8000000000001819,True
Spa,2.7999999999992724,True
Spa,1.2000000000007276,True
Spa,0.3999999999996362,True
Spa,1.2000000000007276,True
Spa,0.4000000000005457,True
Spa,0.0,True
Spa,0.0,False
Spa,0.0,False
Spa,1.199999999999818,True
Spa,0.0,False
Spa,0.0,False
Spa,0.0,False
Spa,0.0,False
Spa,0.0,False
Spa,1.6000000000003638,True
Spa,0.0,False
Spa,0.3999999999996362,True
Spa,1.5999999999985448,True
Spa,0.0,False
Spa,0.0,False
Spa,0.0,False
Spa,0.0,False
Spa,0.0,False
Spa,0.8000000000010914,True
Spa,0.0,True
Spa,1.5999999999994543,True
Spa,2.800000000000182,True
Spa,0.0,False
Spa,0.0,False
Spa,0.0,False
Spa,0.8000000000010914,True
Spa,0.8000000000001819,True
Spa,2.399999999999636,True
Spa,1.6000000000003638,True
Spa,1.199999999999818,True
Spa,1.5999999999994543,True
Spa,0.0,False
Spa,0.0,False
Spa,0.0,False
Spa,0.0,False
Spa,1.6000000000003638,True
Spa,0.8000000000001819,True
Spa,0.4000000000005457,True
Spa,0.0,False
Spa,0.4000000000005457,True
Spa,1.5999999999994543,True
Spa,0.0,False
Spa,0.0,False
Spa,1.6000000000003638,True
Spa,1.6000000000003638,True
Spa,0.0,False
Spa,0.0,False
Spa,0.0,False
Spa,0.0,False
Spa,0.0,False
Spa,0.0,False
Spa,0.0,False
Spa,0.0,False
Spa,0.0,False
Spa,0.0,True
Spa,0.0,False
Spa,0.0,False
Spa,1.6000000000003638,True
Spa,0.8000000000001819,True
Spa,0.3999999999996362,True
Spa,0.0,True
Spa,0.0,False
Spa,1.6000000000003638,True
Spa,1.6000000000012733,True
Spa,1.5999999999994543,True
Spa,1.6000000000003638,True
Spa,0.0,False
Spa,0.0,False
Spa,0.0,False
Spa,0.0,False
Spa,0.0,False
Spa,0.0,False
Spa,2.0,True
Spa,0.0,False
Spa,1.2000000000007276,True
Spa,0.8000000000001819,True
Spa,0.7999999999992724,True
Spa,1.5999999999985448,True
Spa,0.0,False
Spa,2.0,True
Spa,0.0,False
Spa,0.0,False
Spa,0.0,False
Spa,0.0,False
Spa,0.0,False
Spa,0.4000000000005457,True
Spa,0.0,False
Spa,0.4000000000005457,True
Spa,0.0,False
Spa,0.0,False
Spa,0.0,False
Spa,0.8000000000001819,True
Spa,1.6000000000003638,True
Spa,1.2000000000007276,True
Spa,0.0,False
Spa,0.0,True
Spa,0.0,False
Spa,0.3999999999996362,True
Spa,0.0,False
Spa,0.0,False
Spa,2.0,True
Spa,0.0,False
Spa,0.0,False
Spa,0.0,False
Spa,0.4000000000005457,True
Spa,0.0,False
Spa,0.0,False
Spa,0.0,False
Spa,0.0,False
Spa,0.0,False
Spa,1.6000000000003638,True
Spa,0.0,False
Spa,1.1999999999989086,True
Spa,1.6000000000003638,True
Spa,0.3999999999996362,True
Spa,0.0,False
Spa,0.0,False
Spa,0.4000000000005457,True
Spa,0.0,False
Spa,0.0,False
Spa,0.0,False
Spa,1.199999999999818,True
Spa,0.0,False
Spa,0.8000000000001819,True
Spa,0.0,False
Spa,1.6000000000003638,True
Spa,0.0,False
Spa,0.4000000000005457,True
Spa,0.0,False
Spa,0.8000000000001819,True
Spa,0.3999999999996362,True
Spa,0.0,False
Spa,0.0,False
Spa,1.6000000000003638,True
Spa,0.0,False
Spa,0.3999999999996362,True
Spa,0.0,False
Spa,0.3999999999996362,True
Spa,0.0,False
Spa,0.0,False
Spa,0.0,False
Spa,0.0,False
Spa,0.4000000000005457,True
Spa,1.6000000000003638,True
Spa,0.0,False
Spa,0.0,False
Spa,1.6000000000003638,True
Spa,0.4000000000005457,True
Spa,1.2000000000007276,True
Spa,1.199999999999818,True
Spa,0.0,False
Spa,0.0,False
Spa,0.0,True
Spa,0.0,False
Spa,0.0,False
Spa,0.0,False
Spa,1.6000000000003638,True
Spa,0.0,False
Spa,0.0,False
Spa,0.0,False
Spa,0.0,False
Spa,0.0,False
Spa,0.0,False
Spa,0.3999999999996362,True
Spa,1.199999999999818,True
Spa,0.0,False
Spa,0.0,False
Spa,0.0,False
Spa,1.6000000000003638,True
Spa,2.4000000000005457,True
Spa,0.0,False
Spa,0.0,False
Spa,0.0,False
Spa,1.5999999999994543,True
Spa,0.0,False
Spa,0.0,False
Spa,0.0,False
Spa,0.0,False
Spa,1.2000000000007276,True
Spa,1.5999999999994543,True
Spa,0.0,False
Spa,2.8000000000010914,True
Spa,1.6000000000003638,True
Spa,1.1999999999989086,True
Spa,0.0,False
Spa,0.0,False
Spa,2.7999999999992724,True
Spa,1.5999999999985448,True
Spa,0.3999999999996362,True
Spa,0.0,False
Spa,0.0,False
Spa,0.0,False
Spa,0.0,True
Spa,0.0,False
Spa,0.0,False
Spa,0.0,False
Spa,1.2000000000007276,True
Spa,0.0,False
Spa,1.2000000000007276,True
Spa,0.0,False
Spa,0.0,False
Spa,0.0,False
Spa,0.0,False
Spa,0.0,True
Spa,0.0,False
Spa,1.5999999999994543,True
Spa,0.7999999999992724,True
Spa,1.999999999998181,True
Spa,0.0,False
Spa,1.2000000000007276,True
Spa,0.8000000000001819,True
Spa,1.199999999999818,True
Spa,0.0,False
Spa,0.0,False
Spa,1.2000000000007276,True
Spa,0.0,False
Spa,0.0,False
Spa,1.6000000000003638,True
Spa,1.6000000000003638,True
Spa,0.0,False
Spa,0.0,False
Spa,0.0,False
Spa,0.0,False
Spa,0.0,False
Spa,1.2000000000007276,True
Spa,1.5999999999994543,True
Spa,0.0,False
Spa,1.5999999999994543,True
Spa,1.6000000000003638,True
Spa,0.8000000000001819,True
Spa,0.0,True
Spa,0.0,False
Spa,1.5999999999985448,True
Spa,0.0,False
Spa,0.0,False
Spa,0.0,False
Spa,0.0,False
Spa,0.0,False
Spa,0.0,False
Spa,0.4000000000005457,True
Spa,0.0,False
Spa,0.0,False
Spa,0.0,False
Spa,0.8000000000010914,True
Silverstone,0.0,False
Silverstone,0.3999999999996362,True
Silverstone,0.0,True
Silverstone,0.0,False
Silverstone,1.6000000000003638,True
Silverstone,1.6000000000003638,True
Silverstone,0.3999999999996362,True
Silverstone,1.5999999999985448,True
Silverstone,2.399999999997817,True
Silverstone,0.0,True
Silverstone,0.0,False
Silverstone,0.0,False
Silverstone,1.5999999999994543,True
Silverstone,0.0,False
Silverstone,0.0,True
Silverstone,0.0,False
Silverstone,0.0,False
Silverstone,0.3999999999996362,True
Silverstone,0.0,False
Silverstone,0.0,False
Silverstone,1.5999999999994543,True
Silverstone,0.0,False
Silverstone,1.5999999999994543,True
Silverstone,0.0,False
Silverstone,0.0,True
Silverstone,0.0,False
Silverstone,0.0,False
Silverstone,0.0,False
Silverstone,0.0,False
Silverstone,0.0,False
Silverstone,0.0,False
Silverstone,0.4000000000005457,True
Silverstone,0.0,False
Silverstone,3.199999999999818,True
Silverstone,2.4000000000005457,True
Silverstone,0.8000000000010914,True
Silverstone,0.0,False
Silverstone,0.0,False
Silverstone,1.199999999999818,True
Silverstone,0.0,False
Silverstone,0.7999999999992724,True
Silverstone,1.199999999999818,True
Silverstone,0.0,False
Silverstone,0.0,False
Silverstone,1.199999999999818,True
Silverstone,0.0,False
Silverstone,0.8000000000001819,True
Silverstone,0.0,False
Silverstone,0.7999999999992724,True
Silverstone,1.5999999999994543,True
Silverstone,1.199999999999818,True
Silverstone,0.0,False
Silverstone,0.0,False
Silverstone,1.199999999999818,True
Silverstone,0.0,False
Silverstone,1.199999999999818,True
Silverstone,0.8000000000001819,True
Silverstone,0.3999999999996362,True
Silverstone,1.199999999999818,True
Silverstone,2.3999999999987267,True
Silverstone,3.200000000001637,True
Silverstone,1.5999999999994543,True
Silverstone,1.5999999999994543,True
Silverstone,0.0,False
Silverstone,0.8000000000001819,True
Silverstone,0.0,False
Silverstone,0.0,False
Silverstone,0.4000000000005457,True
Silverstone,0.0,False
Silverstone,1.6000000000003638,True
Silverstone,3.1999999999989086,True
Silverstone,0.8000000000001819,True
Silverstone,0.8000000000001819,True
Silverstone,0.0,False
Silverstone,0.0,False
Silverstone,0.0,False
Silverstone,0.0,False
Silverstone,2.0000000000009095,True
Silverstone,0.3999999999996362,True
Silverstone,0.0,False
Silverstone,1.6000000000003638,True
Silverstone,0.0,False
Silverstone,0.0,False
Silverstone,0.7999999999992724,True
Silverstone,0.0,False
Silverstone,0.0,False
Silverstone,0.0,False
Silverstone,0.7999999999992724,True
Silverstone,1.6000000000003638,True
Silverstone,0.0,False
Silverstone,1.5999999999994543,True
Silverstone,0.0,False
Silverstone,0.0,False
Silverstone,1.1999999999989086,True
Silverstone,1.5999999999985448,True
Silverstone,0.0,False
Silverstone,0.0,False
Silverstone,0.0,False
Silverstone,0.0,False
Silverstone,0.0,False
Silverstone,0.0,False
Silverstone,0.0,False
Silverstone,0.8000000000010914,True
Silverstone,2.0,True
Silverstone,0.0,False
Silverstone,0.0,False
Silverstone,0.0,False
Silverstone,2.399999999999636,True
Silverstone,0.4000000000005457,True
Silverstone,0.0,False
Silverstone,0.0,False
Silverstone,0.0,False
Silverstone,1.2000000000007276,True
Silverstone,1.199999999999818,True
Silverstone,2.800000000000182,True
Silverstone,0.0,False
Silverstone,0.0,False
Silverstone,0.0,False
Silverstone,0.7999999999992724,True
Silverstone,0.0,False
Silverstone,0.0,False
Silverstone,0.0,False
Silverstone,1.199999999999818,True
Silverstone,0.0,False
Silverstone,0.0,False
Silverstone,0.0,False
Silverstone,1.6000000000003638,True
Silverstone,0.0,False
Silverstone,1.5999999999994543,True
Silverstone,0.0,False
Silverstone,0.0,True
Silverstone,3.199999999997999,True
Silverstone,1.5999999999994543,True
Silverstone,0.0,False
Silverstone,0.0,False
Silverstone,1.6000000000003638,True
Silverstone,0.4000000000005457,True
Silverstone,1.6000000000003638,True
Silverstone,0.0,False
Silverstone,0.8000000000001819,True
Silverstone,1.6000000000003638,True
Silverstone,0.0,False
Silverstone,0.4000000000005457,True
Silverstone,0.4000000000005457,True
Silverstone,0.0,False
Silverstone,0.4000000000005457,True
Silverstone,0.0,False
Silverstone,0.8000000000001819,True
Silverstone,0.0,False
Silverstone,0.0,False
Silverstone,0.0,False
Silverstone,0.0,False
Silverstone,0.0,False
Silverstone,1.6000000000003638,True
Silverstone,1.6000000000003638,True
Silverstone,1.6000000000003638,True
Silverstone,0.0,False
Silverstone,0.0,False
Silverstone,1.200000000001637,True
Silverstone,0.0,False
Silverstone,0.0,False
Silverstone,0.0,False
Silverstone,0.0,False
Silverstone,4.400000000000546,True
Silverstone,0.8000000000001819,True
Silverstone,1.5999999999994543,True
Silverstone,2.4000000000005457,True
Silverstone,0.0,False
Silverstone,0.3999999999996362,True
Silverstone,0.7999999999992724,True
Silverstone,3.5999999999994543,True
Silverstone,1.6000000000003638,True
Silverstone,3.199999999999818,True
Silverstone,0.0,False
Silverstone,0.0,False
Silverstone,0.0,False
Silverstone,0.0,False
Silverstone,0.0,False
Silverstone,0.0,False
Silverstone,0.0,False
Silverstone,2.8000000000010914,True
Silverstone,0.0,False
Silverstone,2.4000000000005457,True
Silverstone,0.7999999999992724,True
Silverstone,0.0,False
Silverstone,0.8000000000001819,True
Silverstone,2.399999999999636,True
Silverstone,1.6000000000003638,True
Silverstone,0.0,False
Silverstone,0.0,False
Silverstone,3.199999999999818,True
Silverstone,0.0,False
Silverstone,0.0,False
Silverstone,0.8000000000001819,True
Silverstone,0.0,False
Silverstone,0.0,False
Silverstone,0.0,False
Silverstone,0.0,False
Silverstone,2.4000000000005457,True
Silverstone,0.0,False
Silverstone,0.0,False
Silverstone,0.0,False
Silverstone,1.5999999999994543,True
Silverstone,0.0,False
Silverstone,0.0,False
Silverstone,2.0,True
Silverstone,0.0,False
Silverstone,0.3999999999996362,True
Silverstone,2.0000000000009095,True
Silverstone,0.0,False
Silverstone,0.0,False
Silverstone,0.0,False
Silverstone,0.0,False
Silverstone,0.0,False
Silverstone,0.0,False
Silverstone,1.5999999999994543,True
Silverstone,0.3999999999996362,True
Silverstone,0.0,False
Silverstone,0.0,True
Silverstone,0.0,False
Silverstone,1.6000000000003638,True
Silverstone,0.0,False
Silverstone,0.0,False
Silverstone,0.0,False
Silverstone,2.4000000000005457,True
Silverstone,0.0,False
Silverstone,0.0,False
Silverstone,0.8000000000001819,True
Silverstone,1.6000000000003638,True
Silverstone,0.0,False
Silverstone,1.5999999999994543,True
Silverstone,1.5999999999994543,True
Silverstone,0.0,False
Silverstone,0.0,False
Silverstone,0.0,False
Silverstone,0.7999999999992724,True
Silverstone,0.0,False
Silverstone,0.0,False
Silverstone,0.0,False
Silverstone,0.0,False
Silverstone,1.6000000000003638,True
Silverstone,2.4000000000005457,True
Silverstone,2.800000000000182,True
Silverstone,1.6000000000003638,True
Silverstone,1.6000000000003638,True
Silverstone,0.0,False
Silverstone,1.5999999999994543,True
Silverstone,0.0,False
Silverstone,0.8000000000001819,True
Silverstone,0.0,False
Silverstone,0.0,False
Silverstone,2.4000000000005457,True
Silverstone,1.6000000000003638,True
Silverstone,0.0,False
Silverstone,0.4000000000005457,True
Silverstone,0.0,False
Silverstone,0.0,False
Silverstone,0.0,False
Silverstone,0.0,False
Silverstone,2.0,True
Silverstone,1.6000000000003638,True
Silverstone,1.6000000000003638,True
Silverstone,4.0,True
Silverstone,0.0,False
Silverstone,0.0,False
Silverstone,1.2000000000007276,True
Silverstone,0.0,False
Silverstone,1.5999999999985448,True
Silverstone,0.4000000000005457,True
Silverstone,1.5999999999985448,True
Silverstone,0.3999999999996362,True
Silverstone,0.0,False
Silverstone,0.0,False
Silverstone,0.0,False
Silverstone,0.0,False
Silverstone,0.0,False
Silverstone,0.0,False
Silverstone,0.0,False
Silverstone,0.0,False
Silverstone,2.4000000000005457,True
Silverstone,1.199999999999818,True
Silverstone,2.800000000000182,True
Silverstone,1.5999999999994543,True
Silverstone,2.800000000000182,True
Silverstone,0.0,False
Silverstone,0.0,False
Silverstone,1.5999999999994543,True
Silverstone,1.5999999999994543,True
Silverstone,0.0,False
Silverstone,0.4000000000005457,True
Silverstone,0.4000000000005457,True
Silverstone,0.0,False
Silverstone,0.0,False
Silverstone,0.0,False
Silverstone,0.0,True
Silverstone,0.0,False
Silverstone,0.0,False
Silverstone,0.0,False
Silverstone,0.0,False
Silverstone,1.6000000000003638,True
Silverstone,0.3999999999996362,True
Silverstone,0.3999999999996362,True
Silverstone,0.0,False
Silverstone,0.0,False
Silverstone,0.0,False
Silverstone,0.0,False
Silverstone,0.0,False
Silverstone,2.399999999999636,True
Silverstone,0.0,False
Silverstone,0.0,False
Silverstone,0.4000000000005457,True
Silverstone,1.199999999999818,True
Silverstone,0.8000000000001819,True
Silverstone,0.0,False
Silverstone,0.0,False
Silverstone,1.199999999999818,True
Silverstone,0.4000000000005457,True
Silverstone,0.0,False
Silverstone,0.0,False
Silverstone,0.0,False
Silverstone,0.0,False
Silverstone,1.199999999999818,True
Silverstone,1.9999999999990905,True
Silverstone,0.0,False
Silverstone,0.0,False
Silverstone,0.4000000000005457,True
Silverstone,0.0,False
Silverstone,1.6000000000003638,True
Silverstone,0.0,False
Silverstone,0.0,False
Silverstone,0.4000000000005457,True
Silverstone,0.0,False
Silverstone,0.0,False
Silverstone,1.6000000000003638,True
Silverstone,0.0,False
Silverstone,0.0,False
Silverstone,0.0,False
Silverstone,0.0,False
Silverstone,0.3999999999996362,True
Silverstone,0.0,False
Silverstone,0.0,False
Silverstone,1.6000000000003638,True
Silverstone,0.3999999999996362,True
Silverstone,0.0,False
Silverstone,0.0,False
Silverstone,1.6000000000003638,True
Silverstone,0.0,False
Silverstone,1.6000000000003638,True
Silverstone,2.7999999999992724,True
Silverstone,0.0,False
Silverstone,0.3999999999996362,True
Silverstone,0.0,False
Silverstone,0.8000000000001819,True
Silverstone,0.0,False
Silverstone,1.5999999999994543,True
Silverstone,0.8000000000001819,True
Silverstone,1.6000000000003638,True
Silverstone,0.4000000000005457,True
Silverstone,2.800000000000182,True
Silverstone,0.0,False
Silverstone,0.0,False
Silverstone,0.0,False
Silverstone,0.4000000000005457,True
Silverstone,0.8000000000001819,True
Silverstone,3.2000000000007276,True
Silverstone,2.399999999999636,True
Silverstone,1.199999999999818,True
Silverstone,1.6000000000003638,True
Silverstone,0.0,False
Silverstone,0.4000000000005457,True
Silverstone,0.0,True
Silverstone,1.5999999999994543,True
Silverstone,1.6000000000003638,True
Silverstone,0.0,False
Silverstone,0.0,False
Silverstone,0.0,False
Silverstone,0.7999999999992724,True
Silverstone,1.6000000000003638,True
Silverstone,1.6000000000003638,True
Silverstone,0.0,False
Silverstone,0.3999999999996362,True
Silverstone,0.0,False
Silverstone,0.4000000000005457,True
Silverstone,0.8000000000001819,True
Silverstone,1.6000000000003638,True
Silverstone,0.0,False
Silverstone,2.0000000000009095,True
Silverstone,0.0,False
Silverstone,0.0,False
Silverstone,0.0,False
Silverstone,0.0,False
Silverstone,1.9999999999990905,True
Silverstone,0.0,False
Silverstone,0.0,False
Silverstone,0.0,False
Silverstone,0.3999999999996362,True
Silverstone,0.0,False
Silverstone,0.0,False
Silverstone,1.6000000000003638,True
Silverstone,0.0,False
Silverstone,0.3999999999996362,True
Silverstone,0.0,False
Silverstone,1.6000000000003638,True
Silverstone,0.0,False
Silverstone,1.5999999999994543,True
Silverstone,0.0,False
Silverstone,0.0,False
Silverstone,0.0,False
Silverstone,0.0,False
Silverstone,0.0,False
Silverstone,0.8000000000001819,True
Silverstone,1.199999999999818,True
Silverstone,0.0,False
Silverstone,0.0,False
Silverstone,1.6000000000003638,True
Silverstone,1.6000000000003638,True
Silverstone,0.8000000000001819,True
Silverstone,0.0,False
Silverstone,0.0,False
Silverstone,0.0,False
Silverstone,0.8000000000001819,True
Silverstone,2.399999999997817,True
Silverstone,1.199999999999818,True
Silverstone,3.2000000000007276,True
Silverstone,0.8000000000001819,True
Silverstone,1.5999999999994543,True
Silverstone,0.4000000000005457,True
Silverstone,0.8000000000001819,True
Silverstone,0.0,False
Silverstone,0.0,False
Silverstone,2.0,True
Silverstone,1.6000000000003638,True
Silverstone,0.0,False
Silverstone,0.8000000000001819,True
Silverstone,0.0,False
Silverstone,0.0,False
Silverstone,2.0000000000009095,True
Silverstone,0.7999999999992724,True
Silverstone,0.3999999999996362,True
Silverstone,0.3999999999996362,True
Silverstone,0.0,False
Silverstone,0.0,False
Silverstone,1.199999999999818,True
Silverstone,1.6000000000003638,True
Silverstone,1.5999999999994543,True
Silverstone,0.0,False
Silverstone,0.3999999999996362,True
Silverstone,1.2000000000007276,True
Silverstone,1.5999999999994543,True
Silverstone,1.6000000000003638,True
Silverstone,0.0,False
Silverstone,0.0,False
Silverstone,0.0,False
Silverstone,0.0,False
Silverstone,1.5999999999994543,True
Silverstone,1.6000000000003638,True
Silverstone,1.2000000000007276,True
Silverstone,0.0,False
Silverstone,1.199999999999818,True
Silverstone,0.0,False
Silverstone,0.0,False
Silverstone,1.199999999999818,True
Silverstone,0.0,False
Silverstone,2.0,True
Silverstone,0.0,False
Silverstone,1.2000000000007276,True
Silverstone,0.0,False
Silverstone,0.4000000000005457,True
Silverstone,0.0,False
Silverstone,0.0,False
Silverstone,0.0,False
Silverstone,0.0,False
Silverstone,2.399999999999636,True
Silverstone,0.0,False
Silverstone,0.0,False
Silverstone,1.5999999999994543,True
Silverstone,2.800000000000182,True
Silverstone,0.0,False
Silverstone,0.0,False
Silverstone,0.0,False
Silverstone,1.5999999999994543,True
Silverstone,0.0,False
Silverstone,3.600000000000364,True
Silverstone,0.0,False
Silverstone,0.8000000000001819,True
Silverstone,0.0,False
Silverstone,0.3999999999996362,True
Silverstone,0.8000000000001819,True
Silverstone,0.0,True
Silverstone,0.0,False
Silverstone,0.0,False
Silverstone,0.4000000000005457,True
Silverstone,0.0,True
Silverstone,2.800000000000182,True
Silverstone,0.0,False
Silverstone,0.0,False
Silverstone,0.0,False
Silverstone,0.8000000000010914,True
Silverstone,1.5999999999994543,True
Silverstone,0.0,False
Silverstone,0.0,False
Silverstone,1.6000000000003638,True
Silverstone,0.0,False
Silverstone,2.8000000000010914,True
Silverstone,0.0,False
Silverstone,0.7999999999992724,True
Silverstone,0.0,False
Silverstone,0.0,False
Silverstone,2.399999999999636,True
Silverstone,0.4000000000005457,True
Silverstone,0.3999999999996362,True
Silverstone,0.8000000000001819,True
Silverstone,0.0,False
Silverstone,1.6000000000003638,True
Silverstone,0.0,False
Silverstone,0.8000000000001819,True
Silverstone,0.0,False
Silverstone,0.0,True
Silverstone,0.0,False
Silverstone,0.0,False
Silverstone,0.0,False
Silverstone,0.0,False
Silverstone,1.5999999999994543,True
Silverstone,0.0,False
Silverstone,0.0,False
Silverstone,0.8000000000001819,True
Silverstone,0.3999999999996362,True
Silverstone,0.0,False
Silverstone,0.0,False
Silverstone,0.0,False
Silverstone,0.0,False
Silverstone,0.0,False
Silverstone,0.0,False
Silverstone,1.199999999999818,True
Silverstone,0.0,True
Silverstone,0.0,False
Silverstone,0.4000000000005457,True
Silverstone,0.3999999999996362,True
Silverstone,0.7999999999992724,True
Silverstone,0.8000000000001819,True
Silverstone,0.3999999999996362,True
Silverstone,0.0,False
Silverstone,0.0,False
Silverstone,0.0,False
Silverstone,0.0,False
Silverstone,1.199999999999818,True
Silverstone,0.0,False
Silverstone,0.0,False
Silverstone,0.0,False
Silverstone,0.0,False
Silverstone,0.0,False
Silverstone,0.8000000000010914,True
Silverstone,1.6000000000003638,True
Silverstone,1.2000000000007276,True
Silverstone,0.0,True
Silverstone,0.3999999999996362,True
Silverstone,0.0,False
Silverstone,0.0,True
Silverstone,0.4000000000005457,True
Silverstone,1.5999999999994543,True
Silverstone,2.0,True
Silverstone,1.6000000000003638,True
Silverstone,0.0,False
Silverstone,0.0,False
Silverstone,1.6000000000003638,True
Silverstone,0.0,False
Silverstone,0.0,False
Silverstone,0.7999999999992724,True
Silverstone,1.5999999999994543,True
Silverstone,0.0,False
Silverstone,1.199999999999818,True
Silverstone,0.8000000000001819,True
Silverstone,0.0,False
Silverstone,0.0,False
Silverstone,0.3999999999996362,True
Silverstone,0.0,False
Silverstone,0.0,False
Silverstone,0.0,False
Silverstone,1.2000000000007276,True
Silverstone,0.8000000000001819,True
Silverstone,1.5999999999994543,True
Silverstone,0.4000000000005457,True
Silverstone,0.0,True
Silverstone,0.0,False
Silverstone,0.4000000000005457,True
Silverstone,1.2000000000007276,True
Silverstone,0.0,False
Silverstone,0.0,False
Silverstone,0.0,False
Silverstone,0.0,False
Silverstone,0.0,False
Silverstone,0.0,False
Silverstone,1.2000000000007276,True
Silverstone,0.0,False
Silverstone,1.2000000000007276,True
Silverstone,1.5999999999985448,True
Silverstone,3.2000000000007276,True
Silverstone,2.0,True
Silverstone,1.5999999999985448,True
Silverstone,0.0,False
Silverstone,0.0,False
Silverstone,0.0,False
Silverstone,0.0,False
Silverstone,0.0,False
Silverstone,0.0,False
Silverstone,0.0,False
Silverstone,0.0,False
Silverstone,0.3999999999996362,True
Silverstone,1.5999999999985448,True
Silverstone,0.0,False
Silverstone,0.0,False
Silverstone,0.0,False
Silverstone,0.0,False
Silverstone,1.6000000000003638,True
Silverstone,0.0,False
Silverstone,1.6000000000003638,True
Silverstone,0.0,False
Silverstone,0.0,False
Silverstone,0.8000000000001819,True
Silverstone,0.0,False
Silverstone,0.8000000000001819,True
Silverstone,0.4000000000005457,True
Silverstone,0.0,False
Silverstone,0.0,False
Silverstone,0.0,False
Silverstone,1.9999999999990905,True
Silverstone,0.3999999999996362,True
Silverstone,1.6000000000012733,True
Silverstone,0.4000000000005457,True
Silverstone,0.0,False
Silverstone,0.0,False
Silverstone,0.8000000000001819,True
Silverstone,0.0,False
Silverstone,0.0,False
Silverstone,0.0,False
Silverstone,0.8000000000001819,True
Silverstone,1.6000000000003638,True
Silverstone,0.0,False
Silverstone,0.7999999999992724,True
Silverstone,0.0,False
Silverstone,0.0,False
Silverstone,0.0,False
Silverstone,0.0,False
Silverstone,0.0,False
Silverstone,1.5999999999994543,True
Silverstone,0.0,False
Silverstone,0.0,False
Silverstone,0.0,False
Silverstone,0.0,False
Silverstone,0.0,False
Silverstone,0.0,False
Silverstone,0.0,False
Silverstone,0.4000000000005457,True
Silverstone,0.0,False
Silverstone,0.0,False
Silverstone,2.7999999999992724,True
Silverstone,1.6000000000003638,True
Silverstone,0.0,False
Silverstone,0.7999999999992724,True
Silverstone,2.0,True
Silverstone,1.5999999999994543,True
Silverstone,0.0,False
Silverstone,0.0,False
Silverstone,0.0,False
Silverstone,0.0,False
Silverstone,0.0,False
Silverstone,0.0,False
Silverstone,1.5999999999985448,True
Silverstone,1.1999999999989086,True
Silverstone,0.4000000000005457,True
Silverstone,0.0,False
Silverstone,0.0,False
Silverstone,0.4000000000005457,True
Silverstone,1.199999999999818,True
Silverstone,0.0,False
Silverstone,0.0,False
Silverstone,0.4000000000005457,True
Silverstone,0.0,False
Silverstone,0.8000000000001819,True
Silverstone,0.0,False
Silverstone,1.6000000000003638,True
Silverstone,0.0,False
Silverstone,0.0,False
Silverstone,0.4000000000005457,True
Silverstone,0.0,False
Silverstone,0.0,False
Silverstone,0.0,False
Silverstone,0.0,False
Silverstone,1.199999999999818,True
Silverstone,0.4000000000005457,True
Silverstone,1.1999999999989086,True
Silverstone,0.0,False
Silverstone,0.0,False
Silverstone,0.0,False
Silverstone,0.0,False
Silverstone,0.0,False
Silverstone,1.199999999999818,True
Silverstone,0.0,False
Silverstone,0.0,False
Silverstone,0.0,False
Silverstone,0.0,False
Silverstone,1.2000000000007276,True
Silverstone,0.0,False
Silverstone,0.0,False
Silverstone,0.0,True
Silverstone,0.0,False
Silverstone,0.4000000000005457,True
Silverstone,0.0,False
Silverstone,1.6000000000003638,True
Silverstone,0.0,False
Silverstone,0.0,False
Silverstone,0.0,False
Silverstone,0.8000000000001819,True
Silverstone,0.0,False
Silverstone,0.0,False
Silverstone,0.0,False
Silverstone,1.6000000000003638,True
Silverstone,0.0,False
Silverstone,0.0,False
Silverstone,0.0,False
Silverstone,0.0,False
Silverstone,1.5999999999994543,True
Silverstone,0.0,False
Silverstone,0.0,False
Silverstone,0.0,False
Silverstone,0.8000000000001819,True
Silverstone,0.4000000000005457,True
Silverstone,1.5999999999994543,True
Silverstone,0.4000000000005457,True
Silverstone,0.0,False
Silverstone,0.8000000000001819,True
Silverstone,1.5999999999994543,True
Silverstone,1.5999999999994543,True
Silverstone,0.8000000000001819,True
Silverstone,1.199999999999818,True
Silverstone,0.0,False
Silverstone,1.199999999999818,True
Silverstone,0.0,False
Silverstone,0.3999999999996362,True
Silverstone,1.5999999999994543,True
Silverstone,1.199999999999818,True
Silverstone,1.199999999999818,True
Silverstone,1.5999999999985448,True
Silverstone,2.7999999999992724,True
Silverstone,0.0,False
Silverstone,0.0,False
Silverstone,0.0,False
Silverstone,0.0,False
Silverstone,0.0,False
Silverstone,0.0,False
Silverstone,2.0,True
Silverstone,0.0,False
Silverstone,0.7999999999992724,True
Silverstone,0.0,False
Silverstone,0.0,False
Silverstone,2.7999999999992724,True
Silverstone,0.3999999999996362,True
Silverstone,0.0,False
Silverstone,0.0,False
Silverstone,1.2000000000007276,True
Silverstone,1.6000000000003638,True
Silverstone,2.0000000000009095,True
Silverstone,0.8000000000001819,True
Silverstone,0.0,False
Silverstone,0.3999999999996362,True
Silverstone,0.0,False
Silverstone,0.0,False
Silverstone,0.0,False
Silverstone,0.0,False
Silverstone,1.5999999999994543,True
Silverstone,0.4000000000005457,True
Silverstone,2.0,True
Silverstone,0.0,False
Silverstone,2.399999999999636,True
Silverstone,1.6000000000003638,True
Silverstone,0.0,False
Silverstone,0.0,False
Silverstone,0.0,False
Silverstone,0.0,False
Silverstone,0.0,False
Silverstone,1.5999999999994543,True
Silverstone,2.400000000001455,True
Silverstone,0.0,False
Silverstone,0.0,False
Silverstone,0.4000000000005457,True
Silverstone,1.6000000000003638,True
Silverstone,0.8000000000001819,True
Silverstone,0.0,False
Silverstone,1.6000000000003638,True
Silverstone,0.0,False
Silverstone,0.0,False
Silverstone,0.0,False
Silverstone,1.199999999999818,True
Silverstone,0.0,False
Silverstone,1.2000000000007276,True
Silverstone,0.4000000000005457,True
Silverstone,2.0,True
Silverstone,0.0,False
Silverstone,0.8000000000001819,True
Silverstone,0.4000000000005457,True
Silverstone,1.6000000000012733,True
Silverstone,0.0,False
Silverstone,0.0,False
Silverstone,0.0,False
Silverstone,2.399999999999636,True
Silverstone,1.6000000000003638,True
Silverstone,0.7999999999992724,True
Silverstone,0.0,False
Silverstone,1.5999999999994543,True
Silverstone,1.199999999999818,True
Silverstone,0.0,False
Silverstone,1.5999999999994543,True
Silverstone,1.199999999999818,True
Silverstone,0.0,False
Silverstone,0.0,False
Silverstone,0.0,False
Silverstone,0.8000000000001819,True
Silverstone,0.0,False
Silverstone,0.8000000000001819,True
Silverstone,0.8000000000001819,True
Silverstone,0.0,False
Silverstone,0.4000000000005457,True
Silverstone,0.0,False
Silverstone,0.3999999999996362,True
Silverstone,1.5999999999994543,True
Silverstone,0.0,False
Silverstone,1.5999999999994543,True
Silverstone,0.0,False
Silverstone,0.8000000000001819,True
Silverstone,1.6000000000012733,True
Silverstone,3.200000000001637,True
Silverstone,0.4000000000005457,True
Silverstone,0.0,False
Silverstone,0.0,False
Silverstone,0.0,False
Silverstone,0.0,False
Silverstone,0.0,False
Silverstone,2.400000000001455,True
Silverstone,0.0,False
Silverstone,0.8000000000001819,True
Silverstone,1.6000000000003638,True
Silverstone,0.0,False
Silverstone,1.6000000000003638,True
Silverstone,0.0,False
Silverstone,0.0,True
Silverstone,0.0,False
Silverstone,0.0,False
Silverstone,0.0,True
Silverstone,0.3999999999996362,True
Silverstone,0.0,False
Silverstone,0.8000000000001819,True
Silverstone,0.0,False
Silverstone,0.0,False
Silverstone,1.6000000000003638,True
Silverstone,0.0,False
Silverstone,0.0,False
Silverstone,0.8000000000010914,True
Silverstone,0.0,False
Silverstone,0.0,False
Silverstone,3.199999999999818,True
Silverstone,2.0,True
Silverstone,2.4000000000005457,True
Silverstone,0.8000000000001819,True
Silverstone,1.5999999999994543,True
Silverstone,0.0,False
Silverstone,0.0,False
Silverstone,0.0,False
Silverstone,0.0,False
Silverstone,1.199999999999818,True
Silverstone,1.199999999999818,True
Silverstone,1.6000000000003638,True
Silverstone,2.800000000000182,True
Silverstone,0.0,True
Silverstone,0.0,False
Silverstone,0.0,False
Silverstone,0.0,False
Silverstone,3.200000000001637,True
Silverstone,0.0,False
Silverstone,2.4000000000005457,True
Silverstone,0.4000000000005457,True
Silverstone,1.6000000000003638,True
Silverstone,0.0,False
Silverstone,1.1999999999989086,True
Silverstone,0.0,False
Silverstone,1.6000000000003638,True
Silverstone,0.4000000000005457,True
Silverstone,0.0,False
Silverstone,0.0,False
Silverstone,0.0,True
Silverstone,1.6000000000012733,True
Silverstone,2.0,True
Silverstone,0.8000000000001819,True
Silverstone,0.0,False
Silverstone,1.6000000000003638,True
Silverstone,0.0,False
Silverstone,0.8000000000001819,True
Silverstone,1.5999999999994543,True
Silverstone,0.0,False
Silverstone,0.0,False
Silverstone,0.0,False
Silverstone,0.0,True
Silverstone,1.6000000000012733,True
Silverstone,0.0,False
Silverstone,0.0,False
Silverstone,0.0,False
Silverstone,0.0,False
Silverstone,2.0,True
Silverstone,0.3999999999996362,True
Silverstone,0.8000000000001819,True
Silverstone,0.0,False
Silverstone,0.4000000000005457,True
Silverstone,0.3999999999996362,True
Silverstone,0.0,False
Silverstone,0.8000000000001819,True
Silverstone,0.0,False
Silverstone,0.0,False
Silverstone,0.0,True
Silverstone,0.0,True
Silverstone,1.6000000000003638,True
Silverstone,0.0,False
Silverstone,0.0,False
Silverstone,0.0,False
Silverstone,0.0,False
Silverstone,0.0,False
Silverstone,0.8000000000001819,True
Silverstone,0.0,False
Silverstone,1.6000000000003638,True
Silverstone,2.0,True
Silverstone,1.5999999999994543,True
Silverstone,0.0,False
Silverstone,1.5999999999994543,True
Silverstone,0.0,False
Silverstone,0.8000000000001819,True
Silverstone,1.6000000000003638,True
Silverstone,0.0,False
Silverstone,0.0,False
Silverstone,0.4000000000005457,True
Silverstone,1.5999999999994543,True
Silverstone,1.199999999999818,True
Silverstone,0.0,False
Silverstone,1.6000000000003638,True
Silverstone,0.0,False
Silverstone,0.0,False
Silverstone,0.0,False
Silverstone,1.199999999999818,True
Silverstone,0.0,False
Silverstone,0.0,False
Silverstone,0.0,False
Silverstone,2.399999999999636,True
Silverstone,0.3999999999996362,True
Silverstone,0.0,False
Silverstone,0.0,False
Silverstone,1.2000000000007276,True
Silverstone,0.0,False
Silverstone,0.0,False
Silverstone,3.199999999999818,True
Silverstone,0.0,False
Silverstone,2.400000000001455,True
Silverstone,0.4000000000005457,True
Silverstone,0.0,False
Silverstone,1.6000000000003638,True
Silverstone,0.0,False
Silverstone,0.0,False
Silverstone,0.0,False
Silverstone,0.0,False
Silverstone,0.3999999999996362,True
Silverstone,0.0,False
Silverstone,0.0,False
Silverstone,0.0,False
Silverstone,0.0,False
Silverstone,0.0,False
Silverstone,0.0,False
Silverstone,0.0,False
Silverstone,0.0,False
Silverstone,0.0,False
Silverstone,0.0,False
Silverstone,0.4000000000005457,True
Silverstone,1.6000000000003638,True
Silverstone,1.6000000000012733,True
Silverstone,1.2000000000007276,True
Silverstone,0.0,False
Silverstone,0.7999999999992724,True
Silverstone,1.6000000000003638,True
Silverstone,0.0,False
Silverstone,1.2000000000007276,True
Silverstone,2.0000000000009095,True
Silverstone,0.0,False
Silverstone,0.0,False
Silverstone,0.0,False
Silverstone,1.5999999999985448,True
Silverstone,0.8000000000001819,True
Silverstone,0.0,False
Silverstone,0.0,False
Silverstone,0.4000000000005457,True
Silverstone,1.2000000000007276,True
Silverstone,1.5999999999994543,True
Silverstone,0.0,False
Silverstone,1.199999999999818,True
Silverstone,1.5999999999985448,True
Silverstone,0.0,False
Suzuka,0.0,False
Suzuka,0.0,False
Suzuka,0.0,False
Suzuka,0.0,False
Suzuka,0.0,False
Suzuka,2.3999999999987267,True
Suzuka,0.0,False
Suzuka,0.3999999999996362,True
Suzuka,0.0,False
Suzuka,1.6000000000003638,True
Suzuka,0.0,False
Suzuka,0.0,False
Suzuka,1.5999999999994543,True
Suzuka,0.0,False
Suzuka,0.7999999999992724,True
Suzuka,0.0,False
Suzuka,0.0,False
Suzuka,2.400000000001455,True
Suzuka,1.1999999999989086,True
Suzuka,0.0,False
Suzuka,0.0,False
Suzuka,0.8000000000001819,True
Suzuka,0.0,False
Suzuka,0.3999999999996362,True
Suzuka,0.0,False
Suzuka,0.0,False
Suzuka,0.0,False
Suzuka,0.3999999999996362,True
Suzuka,1.5999999999994543,True
Suzuka,0.0,False
Suzuka,0.0,False
Suzuka,0.0,False
Suzuka,0.0,False
Suzuka,0.0,False
Suzuka,0.0,False
Suzuka,0.0,False
Suzuka,0.0,False
Suzuka,0.0,False
Suzuka,0.0,False
Suzuka,0.0,False
Suzuka,1.6000000000003638,True
Suzuka,0.8000000000001819,True
Suzuka,0.8000000000010914,True
Suzuka,0.0,False
Suzuka,0.8000000000010914,True
Suzuka,0.3999999999996362,True
Suzuka,0.0,False
Suzuka,0.0,False
Suzuka,1.199999999999818,True
Suzuka,0.0,False
Suzuka,1.6000000000012733,True
Suzuka,0.0,False
Suzuka,1.199999999999818,True
Suzuka,0.0,False
Suzuka,0.0,False
Suzuka,1.199999999999818,True
Suzuka,0.0,False
Suzuka,0.0,False
Suzuka,2.799999999998363,True
Suzuka,0.0,False
Suzuka,0.0,False
Suzuka,0.0,False
Suzuka,0.0,False
Suzuka,1.199999999999818,True
Suzuka,1.199999999999818,True
Suzuka,0.0,False
Suzuka,0.0,False
Suzuka,0.0,False
Suzuka,0.3999999999996362,True
Suzuka,1.199999999999818,True
Suzuka,1.2000000000007276,True
Suzuka,0.0,False
Suzuka,0.8000000000001819,True
Suzuka,0.4000000000005457,True
Suzuka,0.8000000000001819,True
Suzuka,0.3999999999996362,True
Suzuka,0.0,False
Suzuka,0.0,False
Suzuka,2.0000000000009095,True
Suzuka,0.3999999999996362,True
Suzuka,0.0,False
Suzuka,2.000000000001819,True
Suzuka,0.0,False
Suzuka,0.0,True
Suzuka,3.199999999999818,True
Suzuka,0.8000000000001819,True
Suzuka,0.0,False
Suzuka,0.0,False
Suzuka,1.5999999999994543,True
Suzuka,1.199999999999818,True
Suzuka,0.8000000000001819,True
Suzuka,1.6000000000003638,True
Suzuka,0.3999999999996362,True
Suzuka,0.0,False
Suzuka,3.2000000000007276,True
Suzuka,0.8000000000001819,True
Suzuka,0.0,False
Suzuka,0.0,False
Suzuka,0.0,False
Suzuka,0.0,False
Suzuka,2.0,True
Suzuka,2.7999999999992724,True
Suzuka,0.3999999999996362,True
Suzuka,0.0,False
Suzuka,1.5999999999985448,True
Suzuka,0.3999999999996362,True
Suzuka,0.0,False
Suzuka,0.0,False
Suzuka,1.199999999999818,True
Suzuka,1.9999999999990905,True
Suzuka,1.6000000000003638,True
Suzuka,0.0,False
Suzuka,0.0,False
Suzuka,0.0,False
Suzuka,0.0,True
Suzuka,0.0,False
Suzuka,0.0,False
Suzuka,1.2000000000007276,True
Suzuka,0.0,False
Suzuka,0.0,False
Suzuka,3.1999999999989086,True
Suzuka,0.0,False
Suzuka,0.0,False
Suzuka,0.0,False
Suzuka,0.0,False
Suzuka,1.199999999999818,True
Suzuka,0.0,False
Suzuka,0.0,False
Suzuka,1.6000000000003638,True
Suzuka,1.5999999999985448,True
Suzuka,0.0,False
Suzuka,0.0,False
Suzuka,0.4000000000005457,True
Suzuka,3.199999999999818,True
Suzuka,0.0,False
Suzuka,0.0,True
Suzuka,0.0,False
Suzuka,0.0,False
Suzuka,1.2000000000007276,True
Suzuka,1.2000000000007276,True
Suzuka,0.0,False
Suzuka,0.0,False
Suzuka,0.0,False
Suzuka,0.7999999999992724,True
Suzuka,0.3999999999996362,True
Suzuka,0.0,False
Suzuka,0.0,False
Suzuka,0.0,False
Suzuka,0.8000000000001819,True
Suzuka,0.0,False
Suzuka,0.8000000000001819,True
Suzuka,0.8000000000010914,True
Suzuka,1.6000000000003638,True
Suzuka,0.0,False
Suzuka,1.2000000000007276,True
Suzuka,0.3999999999996362,True
Suzuka,1.6000000000003638,True
Suzuka,0.0,False
Suzuka,0.0,False
Suzuka,0.0,False
Suzuka,0.8000000000001819,True
Suzuka,0.0,False
Suzuka,0.0,False
Suzuka,0.0,False
Suzuka,1.6000000000021828,True
Suzuka,0.0,False
Suzuka,0.0,False
Suzuka,0.0,False
Suzuka,1.6000000000003638,True
Suzuka,0.0,False
Suzuka,1.199999999999818,True
Suzuka,1.2000000000007276,True
Suzuka,0.8000000000001819,True
Suzuka,0.0,False
Suzuka,0.0,False
Suzuka,0.8000000000001819,True
Suzuka,2.0,True
Suzuka,0.0,False
Suzuka,0.0,False
Suzuka,1.6000000000003638,True
Suzuka,0.0,False
Suzuka,0.0,False
Suzuka,0.0,False
Suzuka,0.0,False
Suzuka,1.6000000000012733,True
Suzuka,0.8000000000001819,True
Suzuka,1.6000000000012733,True
Suzuka,0.0,False
Suzuka,0.4000000000005457,True
Suzuka,0.0,False
Suzuka,0.0,False
Suzuka,2.7999999999992724,True
Suzuka,0.0,False
Suzuka,0.0,False
Suzuka,1.6000000000003638,True
Suzuka,0.0,False
Suzuka,1.6000000000003638,True
Suzuka,0.4000000000005457,True
Suzuka,0.0,False
Suzuka,1.199999999999818,True
Suzuka,0.0,False
Suzuka,0.3999999999996362,True
Suzuka,0.0,False
Suzuka,1.6000000000003638,True
Suzuka,0.0,False
Suzuka,0.3999999999996362,True
Suzuka,0.0,False
Suzuka,1.999999999998181,True
Suzuka,0.8000000000001819,True
Suzuka,0.0,False
Suzuka,0.0,False
Suzuka,0.8000000000001819,True
Suzuka,0.0,True
Suzuka,1.6000000000012733,True
Suzuka,0.0,False
Suzuka,0.0,False
Suzuka,1.6000000000003638,True
Suzuka,0.4000000000005457,True
Suzuka,0.0,False
Suzuka,0.0,False
Suzuka,0.0,False
Suzuka,0.8000000000001819,True
Suzuka,1.199999999999818,True
Suzuka,1.6000000000021828,True
Suzuka,0.3999999999996362,True
Suzuka,0.0,False
Suzuka,0.7999999999992724,True
Suzuka,0.0,False
Suzuka,0.0,False
Suzuka,0.0,False
Suzuka,0.0,False
Suzuka,3.2000000000007276,True
Suzuka,0.0,False
Suzuka,0.0,False
Suzuka,0.7999999999992724,True
Suzuka,0.0,False
Suzuka,2.399999999999636,True
Suzuka,0.0,False
Suzuka,0.0,False
Suzuka,0.0,False
Suzuka,1.2000000000007276,True
Suzuka,0.0,False
Suzuka,0.3999999999996362,True
Suzuka,1.2000000000007276,True
Suzuka,0.0,False
Suzuka,1.6000000000003638,True
Suzuka,2.799999999998363,True
Suzuka,0.0,False
Suzuka,2.7999999999992724,True
Suzuka,0.0,False
Suzuka,0.0,False
Suzuka,0.0,False
Suzuka,0.0,False
Suzuka,0.0,False
Suzuka,0.0,False
Suzuka,0.8000000000001819,True
Suzuka,1.6000000000003638,True
Suzuka,0.0,False
Suzuka,0.0,False
Suzuka,0.0,False
Suzuka,2.800000000000182,True
Suzuka,1.199999999999818,True
Suzuka,0.0,False
Suzuka,0.0,True
Suzuka,0.0,False
Suzuka,0.0,False
Suzuka,0.0,False
Suzuka,0.0,False
Suzuka,1.6000000000003638,True
Suzuka,0.7999999999992724,True
Suzuka,2.0000000000009095,True
Suzuka,0.8000000000010914,True
Suzuka,0.0,False
Suzuka,1.5999999999985448,True
Suzuka,1.5999999999985448,True
Suzuka,0.0,False
Suzuka,0.0,False
Suzuka,1.6000000000003638,True
Suzuka,0.0,True
Suzuka,0.0,False
Suzuka,0.0,False
Suzuka,0.0,False
Suzuka,1.1999999999989086,True
Suzuka,0.4000000000005457,True
Suzuka,0.0,False
Suzuka,0.8000000000001819,True
Suzuka,0.0,False
Suzuka,0.7999999999992724,True
Suzuka,0.0,False
Suzuka,3.600000000000364,True
Suzuka,0.0,False
Suzuka,0.0,False
Suzuka,0.0,False
Suzuka,0.0,False
Suzuka,0.0,True
Suzuka,0.0,False
Suzuka,2.399999999999636,True
Suzuka,1.6000000000003638,True
Suzuka,0.0,False
Suzuka,0.0,True
Suzuka,1.6000000000003638,True
Suzuka,1.199999999999818,True
Suzuka,2.399999999999636,True
Suzuka,0.0,False
Suzuka,0.0,False
Suzuka,0.3999999999996362,True
Suzuka,0.0,False
Suzuka,1.5999999999994543,True
Suzuka,0.4000000000005457,True
Suzuka,0.0,False
Suzuka,1.199999999999818,True
Suzuka,0.0,False
Suzuka,1.6000000000003638,True
Suzuka,1.2000000000007276,True
Suzuka,1.5999999999994543,True
Suzuka,0.7999999999992724,True
Suzuka,1.6000000000003638,True
Suzuka,1.5999999999985448,True
Suzuka,0.0,False
Suzuka,1.6000000000003638,True
Suzuka,1.2000000000007276,True
Suzuka,0.0,False
Suzuka,1.6000000000003638,True
Suzuka,0.0,True
Suzuka,0.0,False
Suzuka,0.0,False
Suzuka,0.0,False
Suzuka,0.0,False
Suzuka,0.0,False
Suzuka,0.0,False
Suzuka,0.0,False
Suzuka,1.2000000000007276,True
Suzuka,0.0,False
Suzuka,0.8000000000010914,True
Suzuka,0.0,False
Suzuka,0.8000000000001819,True
Suzuka,0.0,False
Suzuka,0.0,True
Suzuka,0.0,False
Suzuka,0.0,False
Suzuka,1.2000000000007276,True
Suzuka,0.0,False
Suzuka,0.0,False
Suzuka,2.0000000000009095,True
Suzuka,2.0,True
Suzuka,0.0,False
Suzuka,0.0,False
Suzuka,0.0,False
Suzuka,0.0,False
Suzuka,0.0,False
Suzuka,4.400000000000546,True
Suzuka,0.0,True
Suzuka,1.2000000000007276,True
Suzuka,2.399999999999636,True
Suzuka,0.0,False
Suzuka,0.0,False
Suzuka,0.0,False
Suzuka,1.6000000000003638,True
Suzuka,0.0,False
Suzuka,0.0,False
Suzuka,1.6000000000003638,True
Suzuka,0.8000000000001819,True
Suzuka,1.6000000000003638,True
Suzuka,1.6000000000012733,True
Suzuka,0.8000000000001819,True
Suzuka,0.0,False
Suzuka,0.0,False
Suzuka,0.0,False
Suzuka,1.5999999999985448,True
Suzuka,0.0,False
Suzuka,0.0,False
Suzuka,0.0,False
Suzuka,0.4000000000005457,True
Suzuka,0.8000000000001819,True
Suzuka,1.6000000000003638,True
Suzuka,0.0,False
Suzuka,0.0,False
Suzuka,0.8000000000001819,True
Suzuka,0.0,False
Suzuka,0.0,False
Suzuka,0.0,False
Suzuka,0.4000000000005457,True
Suzuka,1.5999999999994543,True
Suzuka,3.1999999999989086,True
Suzuka,1.6000000000003638,True
Suzuka,0.0,False
Suzuka,0.8000000000001819,True
Suzuka,0.0,False
Suzuka,0.0,False
Suzuka,1.5999999999994543,True
Suzuka,0.0,True
Suzuka,1.6000000000003638,True
Suzuka,0.0,False
Suzuka,1.2000000000007276,True
Suzuka,1.5999999999985448,True
Suzuka,1.6000000000003638,True
Suzuka,0.0,False
Suzuka,0.0,True
Suzuka,0.0,False
Suzuka,0.0,False
Suzuka,0.0,False
Suzuka,0.0,True
Suzuka,0.0,False
Suzuka,1.199999999999818,True
Suzuka,1.6000000000003638,True
Suzuka,2.4000000000005457,True
Suzuka,2.0,True
Suzuka,0.0,False
Suzuka,2.0,True
Suzuka,0.0,False
Suzuka,2.0,True
Suzuka,0.8000000000001819,True
Suzuka,1.199999999999818,True
Suzuka,1.6000000000003638,True
Suzuka,0.4000000000005457,True
Suzuka,0.0,False
Suzuka,0.0,False
Suzuka,0.7999999999992724,True
Suzuka,0.0,False
Suzuka,0.0,True
Suzuka,1.5999999999994543,True
Suzuka,0.0,False
Suzuka,0.7999999999992724,True
Suzuka,0.0,False
Suzuka,0.0,False
Suzuka,0.0,False
Suzuka,0.0,False
Suzuka,0.4000000000005457,True
Suzuka,0.0,False
Suzuka,0.0,False
Suzuka,2.399999999999636,True
Suzuka,0.0,False
Suzuka,0.0,False
Suzuka,3.2000000000007276,True
Suzuka,0.3999999999996362,True
Suzuka,1.6000000000012733,True
Suzuka,1.6000000000003638,True
Suzuka,0.3999999999996362,True
Suzuka,0.0,False
Suzuka,4.399999999999636,True
Suzuka,0.0,False
Suzuka,0.0,False
Suzuka,1.6000000000003638,True
Suzuka,0.0,False
Suzuka,0.0,False
Suzuka,0.0,False
Suzuka,2.0000000000009095,True
Suzuka,0.8000000000001819,True
Suzuka,0.0,False
Suzuka,2.000000000001819,True
Suzuka,1.6000000000003638,True
Suzuka,0.0,False
Suzuka,0.0,False
Suzuka,0.0,False
Suzuka,0.0,False
Suzuka,0.0,False
Suzuka,0.0,False
Suzuka,0.0,False
Suzuka,0.0,False
Suzuka,1.199999999999818,True
Suzuka,0.0,True
Suzuka,0.0,False
Suzuka,0.0,True
Suzuka,0.0,False
Suzuka,0.3999999999996362,True
Suzuka,0.0,False
Suzuka,0.0,False
Suzuka,1.6000000000003638,True
Suzuka,0.0,False
Suzuka,0.0,False
Suzuka,0.0,False
Suzuka,1.6000000000003638,True
Suzuka,1.6000000000003638,True
Suzuka,0.4000000000005457,True
Suzuka,0.0,False
Suzuka,1.5999999999985448,True
Suzuka,0.0,False
Suzuka,0.3999999999996362,True
Suzuka,0.0,True
Suzuka,2.399999999999636,True
Suzuka,1.6000000000003638,True
Suzuka,0.0,False
Suzuka,0.0,False
Suzuka,0.0,False
Suzuka,0.0,False
Suzuka,2.399999999999636,True
Suzuka,0.0,False
Suzuka,0.0,False
Suzuka,1.199999999999818,True
Suzuka,0.0,False
Suzuka,0.0,False
Suzuka,0.0,False
Suzuka,0.0,False
Suzuka,0.0,False
Suzuka,0.0,False
Suzuka,0.0,False
Suzuka,0.0,False
Suzuka,0.0,False
Suzuka,1.199999999999818,True
Suzuka,0.0,True
Suzuka,0.0,False
Suzuka,0.8000000000001819,True
Suzuka,0.8000000000001819,True
Suzuka,0.0,True
Suzuka,1.2000000000007276,True
Suzuka,0.0,True
Suzuka,0.3999999999996362,True
Suzuka,0.0,False
Suzuka,0.0,False
Suzuka,1.199999999999818,True
Suzuka,0.0,False
Suzuka,0.0,False
Suzuka,2.800000000000182,True
Suzuka,0.0,False
Suzuka,0.4000000000005457,True
Suzuka,0.0,False
Suzuka,0.0,False
Suzuka,1.9999999999990905,True
Suzuka,1.2000000000007276,True
Suzuka,1.6000000000003638,True
Suzuka,1.6000000000021828,True
Suzuka,1.6000000000003638,True
Suzuka,0.0,False
Suzuka,2.4000000000005457,True
Suzuka,0.0,False
Suzuka,3.200000000001637,True
Suzuka,3.199999999999818,True
Suzuka,2.8000000000010914,True
Suzuka,0.0,False
Suzuka,3.2000000000007276,True
Suzuka,0.0,False
Suzuka,0.0,False
Suzuka,1.6000000000003638,True
Suzuka,0.0,False
Suzuka,0.0,False
Suzuka,0.0,False
Suzuka,1.5999999999994543,True
Suzuka,1.9999999999990905,True
Suzuka,0.0,False
Suzuka,0.0,False
Suzuka,0.0,False
Suzuka,0.3999999999996362,True
Suzuka,0.0,False
Suzuka,1.999999999998181,True
Suzuka,0.4000000000005457,True
Suzuka,0.0,False
Suzuka,0.0,True
Suzuka,0.0,False
Suzuka,2.0000000000009095,True
Suzuka,0.8000000000010914,True
Suzuka,0.0,False
Suzuka,3.199999999999818,True
Suzuka,0.0,False
Suzuka,1.6000000000003638,True
Suzuka,1.6000000000003638,True
Suzuka,0.0,False
Suzuka,0.0,False
Suzuka,0.0,False
Suzuka,0.4000000000005457,True
Suzuka,0.0,False
Suzuka,1.199999999999818,True
Suzuka,1.5999999999985448,True
Suzuka,0.0,False
Suzuka,3.1999999999989086,True
Suzuka,0.0,False
Suzuka,0.0,False
Suzuka,1.6000000000003638,True
Suzuka,1.6000000000021828,True
Suzuka,0.0,False
Suzuka,0.0,False
Suzuka,0.0,False
Suzuka,0.0,False
Suzuka,1.5999999999994543,True
Suzuka,0.3999999999996362,True
Suzuka,0.0,True
Suzuka,0.0,False
Suzuka,0.8000000000001819,True
Suzuka,0.3999999999996362,True
Suzuka,0.8000000000001819,True
Suzuka,1.5999999999994543,True
Suzuka,0.8000000000001819,True
Suzuka,0.8000000000001819,True
Suzuka,1.6000000000003638,True
Suzuka,0.3999999999996362,True
Suzuka,0.3999999999996362,True
Suzuka,1.2000000000007276,True
Suzuka,0.0,False
Suzuka,1.199999999999818,True
Suzuka,0.0,False
Suzuka,0.0,True
Suzuka,2.7999999999992724,True
Suzuka,0.0,False
Suzuka,0.0,False
Suzuka,0.0,False
Suzuka,0.0,False
Suzuka,2.399999999999636,True
Suzuka,1.199999999999818,True
Suzuka,2.0000000000009095,True
Suzuka,1.5999999999985448,True
Suzuka,0.0,False
Suzuka,1.6000000000003638,True
Suzuka,2.0,True
Suzuka,0.0,False
Suzuka,1.6000000000003638,True
Suzuka,0.0,False
Suzuka,0.0,False
Suzuka,2.0,True
Suzuka,0.0,True
Suzuka,2.7999999999992724,True
Suzuka,1.6000000000003638,True
Suzuka,0.0,False
Suzuka,2.800000000000182,True
Suzuka,0.8000000000001819,True
Suzuka,1.6000000000003638,True
Suzuka,0.0,False
Suzuka,0.0,False
Suzuka,0.0,False
Suzuka,0.0,False
Suzuka,3.1999999999989086,True
Suzuka,0.0,False
Suzuka,0.0,False
Suzuka,0.0,False
Suzuka,1.5999999999994543,True
Suzuka,0.3999999999996362,True
Suzuka,2.7999999999992724,True
Suzuka,0.4000000000005457,True
Suzuka,1.5999999999994543,True
Suzuka,0.0,False
Suzuka,0.0,False
Suzuka,1.6000000000003638,True
Suzuka,1.5999999999985448,True
Suzuka,0.0,False
Suzuka,0.0,False
Suzuka,1.999999999998181,True
Suzuka,0.7999999999992724,True
Suzuka,0.0,False
Suzuka,0.0,False
Suzuka,0.3999999999996362,True
Suzuka,0.0,False
Suzuka,0.0,False
Suzuka,1.6000000000003638,True
Suzuka,0.0,False
Suzuka,2.0000000000009095,True
Suzuka,1.199999999999818,True
Suzuka,2.7999999999992724,True
Suzuka,0.0,False
Suzuka,2.7999999999992724,True
Suzuka,0.0,False
Suzuka,3.2000000000007276,True
Suzuka,0.0,False
Suzuka,0.7999999999992724,True
Suzuka,0.0,False
Suzuka,0.0,False
Suzuka,0.0,False
Suzuka,1.5999999999994543,True
Suzuka,1.2000000000007276,True
Suzuka,0.3999999999996362,True
Suzuka,0.0,False
Suzuka,1.199999999999818,True
Suzuka,0.8000000000001819,True
Suzuka,0.0,False
Suzuka,1.199999999999818,True
Suzuka,2.8000000000010914,True
Suzuka,0.0,True
Suzuka,0.3999999999996362,True
Suzuka,0.0,False
Suzuka,1.6000000000003638,True
Suzuka,0.0,False
Suzuka,0.0,False
Suzuka,0.0,False
Suzuka,1.6000000000003638,True
Suzuka,0.0,False
Suzuka,0.4000000000005457,True
Suzuka,0.0,False
Suzuka,1.6000000000003638,True
Suzuka,0.0,False
Suzuka,2.0000000000009095,True
Suzuka,1.6000000000003638,True
Suzuka,0.0,False
Suzuka,1.5999999999994543,True
Suzuka,0.0,False
Suzuka,2.0,True
Suzuka,2.399999999999636,True
Suzuka,0.0,False
Suzuka,0.0,False
Suzuka,0.0,False
Suzuka,0.3999999999996362,True
Suzuka,0.8000000000001819,True
Suzuka,0.0,False
Suzuka,0.0,True
Suzuka,0.3999999999996362,True
Suzuka,0.0,False
Suzuka,1.5999999999994543,True
Suzuka,0.0,False
Suzuka,1.199999999999818,True
Suzuka,0.0,True
Suzuka,0.0,False
Suzuka,0.0,False
Suzuka,0.0,True
Suzuka,0.0,False
Suzuka,0.0,False
Suzuka,0.8000000000001819,True
Suzuka,0.0,False
Suzuka,1.6000000000003638,True
Suzuka,0.3999999999996362,True
Suzuka,0.0,False
Suzuka,0.0,False
Suzuka,2.7999999999992724,True
Suzuka,0.7999999999992724,True
Suzuka,0.0,False
Suzuka,0.0,False
Suzuka,0.0,False
Suzuka,0.0,False
Suzuka,0.0,False
Suzuka,0.0,False
Suzuka,0.0,False
Suzuka,1.6000000000021828,True
Suzuka,0.0,True
Suzuka,0.4000000000005457,True
Suzuka,0.0,False
Suzuka,0.0,False
Suzuka,0.0,False
Suzuka,0.0,False
Suzuka,0.0,False
Suzuka,0.0,False
Suzuka,0.0,False
Suzuka,2.7999999999992724,True
Suzuka,0.0,False
Suzuka,1.6000000000003638,True
Suzuka,0.0,False
Suzuka,0.3999999999996362,True
Suzuka,1.6000000000003638,True
Suzuka,0.0,False
Suzuka,2.399999999999636,True
Suzuka,0.0,False
Suzuka,0.0,False
Suzuka,0.3999999999996362,True
Suzuka,0.0,False
Suzuka,1.5999999999994543,True
Suzuka,0.0,False
Suzuka,0.0,False
Suzuka,0.0,False
Suzuka,3.1999999999989086,True
Suzuka,1.6000000000003638,True
Suzuka,0.0,False
Suzuka,0.3999999999996362,True
Suzuka,1.5999999999994543,True
Suzuka,0.0,False
Suzuka,0.0,False
Suzuka,1.5999999999994543,True
Suzuka,0.8000000000001819,True
Suzuka,0.0,False
Suzuka,0.0,False
Suzuka,0.0,False
Suzuka,0.8000000000010914,True
Suzuka,0.0,False
Suzuka,0.0,False
Suzuka,0.8000000000001819,True
Suzuka,1.5999999999994543,True
Suzuka,0.0,False
Suzuka,1.5999999999994543,True
Suzuka,2.0000000000009095,True
Suzuka,0.0,False
Suzuka,1.6000000000003638,True
Suzuka,0.0,False
Suzuka,0.0,False
Suzuka,0.0,False
Suzuka,0.0,False
Suzuka,0.0,False
Suzuka,0.0,False
Suzuka,0.0,False
Suzuka,0.0,False
Suzuka,0.0,False
Suzuka,1.9999999999990905,True
Suzuka,0.0,False
Suzuka,0.0,False
Suzuka,2.800000000000182,True
Suzuka,0.0,True
Suzuka,0.0,False
Suzuka,1.5999999999985448,True
Suzuka,1.2000000000007276,True
Suzuka,0.0,False
Suzuka,0.8000000000001819,True
Suzuka,0.0,False
Suzuka,1.6000000000003638,True
Suzuka,0.0,False
Suzuka,2.400000000001455,True
Suzuka,0.0,False
Suzuka,0.0,True
Suzuka,0.0,False
Suzuka,0.3999999999996362,True
Suzuka,1.199999999999818,True
Suzuka,1.6000000000003638,True
Suzuka,1.6000000000003638,True
Suzuka,0.0,True
Suzuka,0.0,False
Suzuka,1.999999999998181,True
Suzuka,0.0,True
Suzuka,0.4000000000005457,True
Suzuka,0.0,False
Suzuka,1.199999999999818,True
Suzuka,0.0,False
Suzuka,0.3999999999996362,True
Suzuka,1.6000000000003638,True
Suzuka,0.0,False
Suzuka,1.199999999999818,True
Suzuka,0.3999999999996362,True
Suzuka,0.3999999999996362,True
Suzuka,0.8000000000001819,True
Suzuka,0.0,False
Suzuka,0.4000000000005457,True
Suzuka,0.0,False
Suzuka,0.0,False
Suzuka,1.6000000000003638,True
Suzuka,0.0,False
Suzuka,0.8000000000001819,True
Suzuka,0.0,False
Suzuka,0.8000000000001819,True
Suzuka,1.2000000000007276,True
Suzuka,0.0,False
Suzuka,0.0,False
Suzuka,0.0,False
Suzuka,0.0,False
Suzuka,1.6000000000003638,True
Suzuka,0.0,False
Suzuka,0.0,False
Suzuka,1.1999999999989086,True
Suzuka,0.3999999999996362,True
Suzuka,0.0,False
Suzuka,0.0,False
Suzuka,3.1999999999989086,True
Suzuka,0.3999999999996362,True
Suzuka,2.4000000000005457,True
Suzuka,0.0,False
Suzuka,0.0,False
Suzuka,0.0,False
Suzuka,1.2000000000007276,True
Suzuka,1.199999999999818,True
Suzuka,0.0,False
Suzuka,0.4000000000005457,True
Suzuka,0.0,False
Suzuka,0.0,False
Suzuka,1.5999999999994543,True
Suzuka,0.0,False
Suzuka,0.8000000000001819,True
Suzuka,1.6000000000003638,True
Suzuka,0.0,False
Suzuka,0.0,False
Suzuka,1.6000000000003638,True
Suzuka,1.6000000000003638,True
Suzuka,0.0,False
Suzuka,0.0,False
Suzuka,0.0,False
Suzuka,0.0,False
Suzuka,0.0,False
Suzuka,0.0,False
Suzuka,1.6000000000003638,True
Suzuka,0.8000000000001819,True
Suzuka,0.0,False
Suzuka,0.0,False
Suzuka,0.0,False
Suzuka,0.8000000000001819,True
Suzuka,0.0,False
Suzuka,1.199999999999818,True
Suzuka,0.0,False
Suzuka,1.6000000000003638,True
Suzuka,0.4000000000005457,True
Suzuka,1.6000000000021828,True
Suzuka,1.6000000000003638,True
Suzuka,1.5999999999994543,True
Suzuka,0.8000000000001819,True
Suzuka,0.0,False
Suzuka,1.6000000000003638,True
Suzuka,0.8000000000001819,True
Suzuka,0.8000000000001819,True
Suzuka,0.0,False
Suzuka,0.0,False
Suzuka,0.7999999999992724,True
Suzuka,2.0,True
Suzuka,0.0,True
Suzuka,0.0,False
Suzuka,0.0,False
Suzuka,0.0,False
Suzuka,0.0,False
Suzuka,1.199999999999818,True
Suzuka,0.0,False
Suzuka,0.0,True
Suzuka,0.0,True
Suzuka,0.0,False
Suzuka,0.8000000000001819,True
Suzuka,0.0,False
Suzuka,0.3999999999996362,True
Suzuka,0.0,False
Suzuka,1.6000000000003638,True
Suzuka,0.0,False
Suzuka,0.0,False
Suzuka,0.8000000000001819,True
Suzuka,0.0,False
Suzuka,0.0,False
Suzuka,0.0,True
Suzuka,1.6000000000003638,True
Suzuka,0.0,False
Suzuka,0.0,False
Suzuka,1.5999999999985448,True
Suzuka,0.0,False
Suzuka,0.0,False
Suzuka,2.400000000001455,True
Suzuka,0.0,True
Suzuka,0.0,False
Suzuka,1.2000000000007276,True
Suzuka,0.0,False
Suzuka,0.8000000000001819,True
Suzuka,1.199999999999818,True
Suzuka,0.3999999999996362,True
Suzuka,0.0,False
Suzuka,0.0,False
Suzuka,0.0,False
Suzuka,0.0,False
Suzuka,3.1999999999989086,True
Suzuka,1.6000000000003638,True
Suzuka,0.0,False
Suzuka,0.0,False
Suzuka,0.0,False
Suzuka,0.0,False
Suzuka,1.5999999999985448,True
Suzuka,0.0,False
Suzuka,0.0,False
Suzuka,0.0,False
Suzuka,0.0,False
Suzuka,0.0,False
Suzuka,0.3999999999996362,True
Suzuka,3.2000000000007276,True
Suzuka,0.8000000000001819,True
Suzuka,0.4000000000005457,True
Suzuka,0.0,False
Suzuka,0.0,False
Suzuka,0.0,False
Suzuka,1.1999999999989086,True
Suzuka,2.399999999997817,True
Suzuka,0.0,True
Suzuka,2.400000000001455,True
Suzuka,2.4000000000005457,True
Suzuka,0.0,False
Suzuka,0.0,False
Suzuka,0.0,False
Suzuka,0.0,False
Suzuka,0.7999999999992724,True
Suzuka,1.6000000000003638,True
Suzuka,0.0,False
Suzuka,2.0,True
Suzuka,0.3999999999996362,True
Suzuka,0.4000000000005457,True
Suzuka,2.000000000001819,True
Suzuka,0.3999999999996362,True
Suzuka,0.4000000000005457,True
Suzuka,0.0,False
Suzuka,1.6000000000003638,True
Suzuka,0.0,False
Suzuka,0.8000000000001819,True
Suzuka,0.0,False
Suzuka,0.0,False
Suzuka,0.0,False
Suzuka,0.0,False
Suzuka,0.8000000000001819,True
Suzuka,0.0,False
Suzuka,1.5999999999994543,True
Suzuka,0.0,False
Suzuka,0.3999999999996362,True
Suzuka,0.0,False
Suzuka,0.4000000000005457,True
Suzuka,2.0,True
Suzuka,1.6000000000003638,True
Suzuka,0.0,False
Suzuka,0.8000000000001819,True
Suzuka,3.1999999999989086,True
Suzuka,0.0,True
Suzuka,0.7999999999992724,True
Suzuka,0.3999999999996362,True
Suzuka,0.0,False
Suzuka,0.0,False
Suzuka,0.7999999999992724,True
Suzuka,1.5999999999994543,True
Suzuka,0.0,False
Suzuka,1.6000000000021828,True
Suzuka,0.0,False
Suzuka,1.1999999999989086,True
Suzuka,0.4000000000005457,True
Suzuka,0.0,False
Suzuka,0.0,False
Suzuka,0.3999999999996362,True
Suzuka,0.0,False
Suzuka,0.0,False
Suzuka,1.5999999999994543,True
Suzuka,0.4000000000005457,True
Suzuka,0.0,False
Suzuka,0.0,False
Suzuka,0.0,False
Suzuka,3.2000000000007276,True
Suzuka,2.0,True
Suzuka,0.0,False
