race,t_pre,t_2026,delta,had_sc,n_sc_laps
0,5293.566782559893,5293.566782559893,0.0,True,5
1,5021.85245306389,5021.85245306389,0.0,False,0
2,5021.85245306389,5021.85245306389,0.0,False,0
3,5021.85245306389,5021.85245306389,0.0,False,0
4,5021.85245306389,5021.85245306389,0.0,False,0
5,5021.85245306389,5021.85245306389,0.0,False,0
6,5239.35099759341,5239.35099759341,0.0,True,4
7,5073.109083755692,5072.709083755692,0.4000000000005457,True,1
8,5021.85245306389,5021.85245306389,0.0,False,0
9,5058.420416087083,5058.0204160870835,0.3999999999996362,True,1
10,5700.202821546297,5698.602821546296,1.6000000000012733,True,13
11,5160.308346956533,5159.108346956533,1.199999999999818,True,3
12,5021.85245306389,5021.85245306389,0.0,False,0
13,5663.550192215973,5660.350192215974,3.1999999999989086,True,13
14,5272.259602520413,5270.259602520414,1.9999999999990905,True,5
15,5021.85245306389,5021.85245306389,0.0,False,0
16,5021.85245306389,5021.85245306389,0.0,False,0
17,5177.54046245717,5176.340462457169,1.2000000000007276,True,3
18,5021.85245306389,5021.85245306389,0.0,False,0
19,5211.113361486706,5209.513361486706,1.5999999999994543,True,4
20,5160.23173050908,5159.031730509079,1.2000000000007276,True,3
21,5073.109083755692,5072.709083755692,0.4000000000005457,True,1
22,5021.85245306389,5021.85245306389,0.0,False,0
23,5413.956846088832,5411.956846088832,2.0,True,8
24,5021.85245306389,5021.85245306389,0.0,False,0
25,5021.85245306389,5021.85245306389,0.0,False,0
26,5021.85245306389,5021.85245306389,0.0,False,0
27,5021.85245306389,5021.85245306389,0.0,False,0
28,5160.528595280388,5159.328595280388,1.199999999999818,True,3
29,5021.85245306389,5021.85245306389,0.0,False,0
30,5021.85245306389,5021.85245306389,0.0,False,0
31,5021.85245306389,5021.85245306389,0.0,False,0
32,5212.357995907576,5210.7579959075765,1.5999999999994543,True,4
33,5073.711580531964,5073.311580531964,0.3999999999996362,True,1
34,5312.943285216494,5311.343285216493,1.6000000000003638,True,6
35,5021.85245306389,5021.85245306389,0.0,False,0
36,5021.85245306389,5021.85245306389,0.0,False,0
37,5021.85245306389,5021.85245306389,0.0,False,0
38,5021.85245306389,5021.85245306389,0.0,False,0
39,5021.85245306389,5021.85245306389,0.0,False,0
40,5676.576750390931,5674.9767503909325,1.5999999999985448,True,13
41,5075.418654731401,5075.018654731401,0.4000000000005457,True,1
42,5021.85245306389,5021.85245306389,0.0,False,0
43,5021.85245306389,5021.85245306389,0.0,False,0
44,5283.023088975134,5281.423088975133,1.6000000000003638,True,5
45,5160.308346956533,5159.108346956533,1.199999999999818,True,3
46,5021.85245306389,5021.85245306389,0.0,False,0
47,5613.912161907616,5612.312161907617,1.5999999999985448,True,11
48,5021.85245306389,5021.85245306389,0.0,False,0
49,5021.85245306389,5021.85245306389,0.0,False,0
50,5073.711580531964,5073.311580531964,0.3999999999996362,True,1
51,5215.441750014065,5213.841750014067,1.5999999999985448,True,4
52,5021.85245306389,5021.85245306389,0.0,False,0
53,5059.2985593922185,5058.898559392219,0.3999999999996362,True,1
54,5021.85245306389,5021.85245306389,0.0,False,0
55,5427.600458722434,5424.800458722435,2.7999999999992724,True,8
56,5421.777331321189,5419.777331321189,2.0,True,8
57,5021.85245306389,5021.85245306389,0.0,False,0
58,5465.904416827106,5464.304416827105,1.6000000000003638,True,9
59,5414.56925537935,5412.969255379349,1.6000000000003638,True,8
60,5969.12996543414,5967.529965434141,1.5999999999994543,True,18
61,5944.538414072273,5941.738414072273,2.7999999999992724,True,18
62,5021.85245306389,5021.85245306389,0.0,False,0
63,5060.498870514871,5060.09887051487,0.4000000000005457,True,1
64,5021.85245306389,5021.85245306389,0.0,False,0
65,5021.85245306389,5021.85245306389,0.0,False,0
66,5021.85245306389,5021.85245306389,0.0,False,0
67,5021.85245306389,5021.85245306389,0.0,False,0
68,5119.883864288473,5119.083864288473,0.8000000000001819,True,2
69,5021.85245306389,5021.85245306389,0.0,False,0
70,5021.85245306389,5021.85245306389,0.0,False,0
71,5021.85245306389,5021.85245306389,0.0,False,0
72,5130.1263094850965,5129.326309485096,0.8000000000001819,True,2
73,5021.85245306389,5021.85245306389,0.0,False,0
74,5021.85245306389,5021.85245306389,0.0,False,0
75,5693.610522058237,5690.410522058238,3.1999999999989086,True,13
76,5021.85245306389,5021.85245306389,0.0,False,0
77,5177.841710845306,5176.641710845305,1.2000000000007276,True,3
78,5021.85245306389,5021.85245306389,0.0,False,0
79,5347.116530283745,5346.716530283745,0.4000000000005457,True,6
80,5021.85245306389,5021.85245306389,0.0,False,0
81,5124.703838498649,5123.903838498649,0.8000000000001819,True,2
82,5021.85245306389,5021.85245306389,0.0,False,0
83,5128.117986897523,5127.317986897524,0.7999999999992724,True,2
84,5075.719903119537,5075.319903119537,0.3999999999996362,True,1
85,5021.85245306389,5021.85245306389,0.0,False,0
86,5021.85245306389,5021.85245306389,0.0,False,0
87,5421.517160437188,5418.717160437188,2.800000000000182,True,8
88,5110.6940425305065,5109.894042530506,0.8000000000001819,True,2
89,5021.85245306389,5021.85245306389,0.0,False,0
90,5655.934476472281,5652.734476472281,3.199999999999818,True,12
91,5074.816157955129,5074.416157955129,0.3999999999996362,True,1
92,5021.85245306389,5021.85245306389,0.0,False,0
93,5219.470973836284,5217.870973836284,1.6000000000003638,True,4
94,5021.85245306389,5021.85245306389,0.0,False,0
95,5775.223022072604,5772.423022072604,2.800000000000182,True,15
96,5314.538766015201,5312.938766015201,1.6000000000003638,True,6
97,5618.012115449573,5616.412115449573,1.5999999999994543,True,12
98,5623.603412471481,5620.40341247148,3.2000000000007276,True,12
99,5021.85245306389,5021.85245306389,0.0,False,0
100,5021.85245306389,5021.85245306389,0.0,False,0
101,5021.85245306389,5021.85245306389,0.0,False,0
102,5021.85245306389,5021.85245306389,0.0,False,0
103,5238.547668558382,5237.7476685583815,0.8000000000001819,True,4
104,5021.85245306389,5021.85245306389,0.0,False,0
105,5125.3063352749205,5124.50633527492,0.8000000000001819,True,2
106,5073.811996661342,5073.4119966613425,0.3999999999996362,True,1
107,5161.93442109169,5160.73442109169,1.199999999999818,True,3
108,6126.2217399055835,6124.621739905583,1.6000000000003638,True,22
109,5021.85245306389,5021.85245306389,0.0,False,0
110,5021.85245306389,5021.85245306389,0.0,False,0
111,5021.85245306389,5021.85245306389,0.0,False,0
112,5109.327761055138,5108.527761055138,0.7999999999992724,True,2
113,5130.728806261368,5130.728806261368,0.0,True,2
114,5021.85245306389,5021.85245306389,0.0,False,0
115,5658.24404744799,5656.64404744799,1.6000000000003638,True,12
116,5114.001018407243,5113.201018407243,0.7999999999992724,True,2
117,5021.85245306389,5021.85245306389,0.0,False,0
118,5058.880343931021,5058.480343931022,0.3999999999996362,True,1
119,5021.85245306389,5021.85245306389,0.0,False,0
120,5021.85245306389,5021.85245306389,0.0,False,0
121,5021.85245306389,5021.85245306389,0.0,False,0
122,5183.163765702375,5182.763765702375,0.3999999999996362,True,3
123,5264.943935879333,5262.943935879334,1.9999999999990905,True,5
124,5394.577769778518,5392.9777697785175,1.6000000000003638,True,7
125,5075.820319248915,5075.420319248916,0.3999999999996362,True,1
126,5263.252899782429,5261.652899782429,1.6000000000003638,True,5
127,5021.85245306389,5021.85245306389,0.0,False,0
128,5021.85245306389,5021.85245306389,0.0,False,0
129,5021.85245306389,5021.85245306389,0.0,False,0
130,5179.247536656607,5178.447536656607,0.8000000000001819,True,3
131,5021.85245306389,5021.85245306389,0.0,False,0
132,5391.264037509021,5388.464037509023,2.799999999998363,True,7
133,5130.728806261368,5130.728806261368,0.0,True,2
134,5021.85245306389,5021.85245306389,0.0,False,0
135,5021.85245306389,5021.85245306389,0.0,False,0
136,5262.336237823663,5260.736237823664,1.5999999999994543,True,5
137,5021.85245306389,5021.85245306389,0.0,False,0
138,5021.85245306389,5021.85245306389,0.0,False,0
139,5219.194806900384,5217.594806900384,1.5999999999994543,True,4
140,5183.163765702375,5182.763765702375,0.3999999999996362,True,3
141,5074.71574182575,5074.315741825751,0.3999999999996362,True,1
142,5021.85245306389,5021.85245306389,0.0,False,0
143,5021.85245306389,5021.85245306389,0.0,False,0
144,5021.85245306389,5021.85245306389,0.0,False,0
145,5282.018927681348,5280.418927681348,1.6000000000003638,True,5
146,5021.85245306389,5021.85245306389,0.0,False,0
147,5075.920735378294,5075.520735378294,0.3999999999996362,True,1
148,5021.85245306389,5021.85245306389,0.0,False,0
149,5499.707213043847,5499.307213043847,0.4000000000005457,True,9
150,5179.046704397849,5177.84670439785,1.1999999999989086,True,3
151,5124.904670757406,5124.104670757406,0.8000000000001819,True,2
152,5127.61590625063,5126.815906250631,0.7999999999992724,True,2
153,5109.289424186509,5108.489424186509,0.8000000000001819,True,2
154,5021.85245306389,5021.85245306389,0.0,False,0
155,5021.85245306389,5021.85245306389,0.0,False,0
156,5547.626019696333,5546.026019696334,1.5999999999994543,True,10
157,5169.1953104153445,5168.395310415344,0.8000000000001819,True,3
158,5021.85245306389,5021.85245306389,0.0,False,0
159,5021.85245306389,5021.85245306389,0.0,False,0
160,5021.85245306389,5021.85245306389,0.0,False,0
161,5286.537653503387,5284.937653503386,1.6000000000012733,True,5
162,5021.85245306389,5021.85245306389,0.0,False,0
163,5420.795055400827,5418.395055400826,2.4000000000005457,True,8
164,5234.93268790075,5233.332687900751,1.5999999999994543,True,4
165,5021.85245306389,5021.85245306389,0.0,False,0
166,5021.85245306389,5021.85245306389,0.0,False,0
167,5021.85245306389,5021.85245306389,0.0,False,0
168,5074.816157955129,5074.416157955129,0.3999999999996362,True,1
169,5184.770423772433,5184.370423772432,0.4000000000005457,True,3
170,5543.006877744915,5540.6068777449145,2.4000000000005457,True,10
171,5021.85245306389,5021.85245306389,0.0,False,0
172,5466.59233944316,5464.592339443161,1.9999999999990905,True,9
173,5530.79127501165,5528.391275011651,2.399999999999636,True,10
174,5552.044329388995,5549.244329388994,2.8000000000010914,True,10
175,5617.768114031747,5616.168114031747,1.6000000000003638,True,12
176,5058.583421869909,5058.18342186991,0.3999999999996362,True,1
177,5602.063058640933,5598.8630586409345,3.1999999999989086,True,11
178,5178.544623750956,5177.344623750956,1.199999999999818,True,3
179,5211.469819331861,5209.8698193318605,1.6000000000003638,True,4
180,5021.85245306389,5021.85245306389,0.0,False,0
181,5117.0851796517745,5116.285179651775,0.7999999999992724,True,2
182,5021.85245306389,5021.85245306389,0.0,False,0
183,5021.85245306389,5021.85245306389,0.0,False,0
184,5021.85245306389,5021.85245306389,0.0,False,0
185,5021.85245306389,5021.85245306389,0.0,False,0
186,5021.85245306389,5021.85245306389,0.0,False,0
187,5021.85245306389,5021.85245306389,0.0,False,0
188,5021.85245306389,5021.85245306389,0.0,False,0
189,5021.85245306389,5021.85245306389,0.0,False,0
190,5021.85245306389,5021.85245306389,0.0,False,0
191,5336.874085087122,5335.274085087121,1.6000000000003638,True,6
192,5021.85245306389,5021.85245306389,0.0,False,0
193,5021.85245306389,5021.85245306389,0.0,False,0
194,5021.85245306389,5021.85245306389,0.0,False,0
195,5238.949333075896,5238.549333075895,0.4000000000005457,True,4
196,5021.85245306389,5021.85245306389,0.0,False,0
197,5021.85245306389,5021.85245306389,0.0,False,0
198,5058.608667626313,5058.208667626313,0.3999999999996362,True,1
199,5021.85245306389,5021.85245306389,0.0,False,0
200,5021.85245306389,5021.85245306389,0.0,False,0
201,5997.948055279353,5996.348055279353,1.6000000000003638,True,19
202,5021.85245306389,5021.85245306389,0.0,False,0
203,5074.615325696372,5074.215325696372,0.3999999999996362,True,1
204,5075.418654731401,5075.018654731401,0.4000000000005457,True,1
205,5021.85245306389,5021.85245306389,0.0,False,0
206,5498.4474951424445,5494.847495142444,3.600000000000364,True,9
207,5021.85245306389,5021.85245306389,0.0,False,0
208,5315.698485924242,5313.298485924242,2.399999999999636,True,6
209,5021.85245306389,5021.85245306389,0.0,False,0
210,5021.85245306389,5021.85245306389,0.0,False,0
211,5021.85245306389,5021.85245306389,0.0,False,0
212,5021.85245306389,5021.85245306389,0.0,False,0
213,5075.318238602023,5074.918238602023,0.3999999999996362,True,1
214,5334.464097982034,5332.864097982034,1.6000000000003638,True,6
215,5318.3760477491505,5316.77604774915,1.6000000000003638,True,6
216,5021.85245306389,5021.85245306389,0.0,False,0
217,5233.426445960069,5231.826445960069,1.6000000000003638,True,4
218,5021.85245306389,5021.85245306389,0.0,False,0
219,5573.868423690994,5571.068423690993,2.8000000000010914,True,11
220,5021.85245306389,5021.85245306389,0.0,False,0
221,5556.663471340414,5555.063471340412,1.6000000000012733,True,10
222,5021.85245306389,5021.85245306389,0.0,False,0
223,5021.85245306389,5021.85245306389,0.0,False,0
224,5073.309916014449,5072.909916014449,0.4000000000005457,True,1
225,5021.85245306389,5021.85245306389,0.0,False,0
226,5021.85245306389,5021.85245306389,0.0,False,0
227,5021.85245306389,5021.85245306389,0.0,False,0
228,5338.882407674695,5336.482407674693,2.4000000000023647,True,6
229,5162.162823891942,5160.962823891942,1.199999999999818,True,3
230,5073.912412790722,5073.512412790721,0.4000000000005457,True,1
231,5178.444207621577,5177.244207621578,1.1999999999989086,True,3
232,5125.3063352749205,5124.50633527492,0.8000000000001819,True,2
233,5363.37103214618,5360.57103214618,2.800000000000182,True,7
234,5021.85245306389,5021.85245306389,0.0,False,0
235,5021.85245306389,5021.85245306389,0.0,False,0
236,5021.85245306389,5021.85245306389,0.0,False,0
237,5021.85245306389,5021.85245306389,0.0,False,0
238,5722.294370009602,5721.094370009601,1.2000000000007276,True,13
239,5161.534018415197,5160.3340184151975,1.199999999999818,True,3
240,5114.001018407243,5113.201018407243,0.7999999999992724,True,2
241,5236.941010488323,5235.341010488323,1.5999999999994543,True,4
242,5074.314077308236,5073.914077308235,0.4000000000005457,True,1
243,5021.85245306389,5021.85245306389,0.0,False,0
244,5021.85245306389,5021.85245306389,0.0,False,0
245,5228.90772013803,5227.30772013803,1.5999999999994543,True,4
246,5021.85245306389,5021.85245306389,0.0,False,0
247,5068.520701546845,5068.120701546844,0.4000000000005457,True,1
248,5021.85245306389,5021.85245306389,0.0,False,0
249,5494.23001770854,5492.23001770854,2.0,True,9
250,5317.008957315129,5315.408957315129,1.6000000000003638,True,6
251,5234.129358865721,5232.529358865721,1.5999999999994543,True,4
252,5075.51907086078,5075.119070860779,0.4000000000005457,True,1
253,5021.85245306389,5021.85245306389,0.0,False,0
254,5021.85245306389,5021.85245306389,0.0,False,0
255,5021.85245306389,5021.85245306389,0.0,False,0
256,5262.384529365212,5260.784529365212,1.6000000000003638,True,5
257,5021.85245306389,5021.85245306389,0.0,False,0
258,5021.85245306389,5021.85245306389,0.0,False,0
259,5422.800353680248,5420.000353680249,2.7999999999992724,True,8
260,5509.794517762232,5509.794517762232,0.0,True,9
261,5120.486361064744,5119.686361064745,0.7999999999992724,True,2
262,5516.412155641754,5514.812155641754,1.6000000000003638,True,10
263,5128.720483673796,5127.920483673795,0.8000000000001819,True,2
264,5021.85245306389,5021.85245306389,0.0,False,0
265,5021.85245306389,5021.85245306389,0.0,False,0
266,5021.85245306389,5021.85245306389,0.0,False,0
267,5021.85245306389,5021.85245306389,0.0,False,0
268,5021.85245306389,5021.85245306389,0.0,False,0
269,5805.117551642729,5803.517551642729,1.6000000000003638,True,15
270,5125.707999792435,5124.9079997924355,0.7999999999992724,True,2
271,5021.85245306389,5021.85245306389,0.0,False,0
272,5021.85245306389,5021.85245306389,0.0,False,0
273,5622.741271709395,5619.541271709395,3.199999999999818,True,12
274,5124.904670757406,5124.104670757406,0.8000000000001819,True,2
275,5391.264037509021,5389.664037509021,1.6000000000003638,True,7
276,5448.80376560468,5447.20376560468,1.6000000000003638,True,8
277,5465.536157439302,5463.9361574393015,1.6000000000003638,True,9
278,5021.85245306389,5021.85245306389,0.0,False,0
279,5524.400211591134,5520.400211591134,4.0,True,10
280,5021.85245306389,5021.85245306389,0.0,False,0
281,5021.85245306389,5021.85245306389,0.0,False,0
282,5262.336237823663,5260.736237823664,1.5999999999994543,True,5
283,5021.85245306389,5021.85245306389,0.0,False,0
284,5524.471764580877,5522.471764580877,2.0,True,10
285,5021.85245306389,5021.85245306389,0.0,False,0
286,5128.117986897523,5127.317986897524,0.7999999999992724,True,2
287,5021.85245306389,5021.85245306389,0.0,False,0
288,5021.85245306389,5021.85245306389,0.0,False,0
289,5021.85245306389,5021.85245306389,0.0,False,0
290,5184.770423772433,5184.370423772432,0.4000000000005457,True,3
291,5233.326029830691,5231.726029830691,1.6000000000003638,True,4
292,5021.85245306389,5021.85245306389,0.0,False,0
293,5021.85245306389,5021.85245306389,0.0,False,0
294,5073.209499885071,5072.80949988507,0.4000000000005457,True,1
295,5164.777000722684,5163.577000722683,1.2000000000007276,True,3
296,5283.826418010163,5281.826418010163,2.0,True,5
297,5287.541814797173,5285.941814797175,1.5999999999985448,True,5
298,5021.85245306389,5021.85245306389,0.0,False,0
299,5021.85245306389,5021.85245306389,0.0,False,0
300,5266.280970176626,5264.680970176627,1.5999999999994543,True,5
301,5021.85245306389,5021.85245306389,0.0,False,0
302,5290.955963196048,5290.555963196048,0.4000000000005457,True,5
303,5368.285988530912,5365.885988530912,2.399999999999636,True,7
304,5415.87164075312,5413.87164075312,2.0,True,8
305,5214.276212673931,5212.67621267393,1.6000000000003638,True,4
306,5021.85245306389,5021.85245306389,0.0,False,0
307,5781.497723571344,5779.8977235713455,1.5999999999985448,True,15
308,5259.343919474903,5257.343919474903,2.0,True,5
309,5021.85245306389,5021.85245306389,0.0,False,0
310,5058.353457947941,5057.953457947941,0.3999999999996362,True,1
311,5021.85245306389,5021.85245306389,0.0,False,0
312,5021.85245306389,5021.85245306389,0.0,False,0
313,5639.936431346049,5636.73643134605,3.1999999999989086,True,12
314,5823.657436627709,5821.65743662771,1.9999999999990905,True,16
315,5074.314077308236,5073.914077308235,0.4000000000005457,True,1
316,5551.140584224586,5548.740584224588,2.399999999997817,True,10
317,5021.85245306389,5021.85245306389,0.0,False,0
318,5071.904293871035,5071.504293871035,0.4000000000005457,True,1
319,5212.3009351515475,5210.700935151547,1.6000000000003638,True,4
320,5021.85245306389,5021.85245306389,0.0,False,0
321,5577.721861832445,5576.121861832445,1.6000000000003638,True,11
322,5070.899928909362,5070.499928909361,0.4000000000005457,True,1
323,5021.85245306389,5021.85245306389,0.0,False,0
324,5228.104391103001,5226.504391103001,1.6000000000003638,True,4
325,5773.026223026871,5771.4262230268705,1.6000000000003638,True,14
326,5419.34418954381,5416.144189543809,3.2000000000007276,True,8
327,5021.85245306389,5021.85245306389,0.0,False,0
328,5074.71574182575,5074.315741825751,0.3999999999996362,True,1
329,5607.585945756759,5605.985945756759,1.6000000000003638,True,11
330,5021.85245306389,5021.85245306389,0.0,False,0
331,5170.148914406016,5168.948914406016,1.199999999999818,True,3
332,5179.046704397849,5177.84670439785,1.1999999999989086,True,3
333,6055.558238154777,6052.758238154776,2.8000000000010914,True,20
334,6201.648835033847,6199.648835033847,2.0,True,23
335,5021.85245306389,5021.85245306389,0.0,False,0
336,5130.728806261368,5130.728806261368,0.0,True,2
337,5236.941010488323,5235.341010488323,1.5999999999994543,True,4
338,5065.622282822997,5065.222282822997,0.3999999999996362,True,1
339,5172.519655988236,5171.319655988237,1.1999999999989086,True,3
340,5021.85245306389,5021.85245306389,0.0,False,0
341,5021.85245306389,5021.85245306389,0.0,False,0
342,5058.608667626313,5058.208667626313,0.3999999999996362,True,1
343,5112.9923343379305,5112.19233433793,0.8000000000001819,True,2
344,5489.116737909541,5487.116737909541,2.0,True,9
345,5181.35627537356,5180.156275373557,1.2000000000025466,True,3
346,5129.724644967582,5128.924644967582,0.8000000000001819,True,2
347,5021.85245306389,5021.85245306389,0.0,False,0
348,5021.85245306389,5021.85245306389,0.0,False,0
349,5021.85245306389,5021.85245306389,0.0,False,0
350,5109.487391323852,5108.6873913238505,0.8000000000010914,True,2
351,5076.322399895808,5076.322399895808,0.0,True,1
352,5453.422907556098,5452.222907556099,1.1999999999989086,True,8
353,5212.452328607342,5210.852328607341,1.6000000000003638,True,4
354,5021.85245306389,5021.85245306389,0.0,False,0
355,5109.042240163886,5108.242240163887,0.7999999999992724,True,2
356,5021.85245306389,5021.85245306389,0.0,False,0
357,5129.322980450067,5128.522980450067,0.8000000000001819,True,2
358,5021.85245306389,5021.85245306389,0.0,False,0
359,5292.0605406192135,5290.860540619214,1.199999999999818,True,5
360,5617.647174286076,5616.0471742860755,1.6000000000003638,True,12
361,5332.656607653218,5331.056607653218,1.6000000000003638,True,6
362,5610.899678026256,5609.299678026256,1.6000000000003638,True,11
363,5177.54046245717,5176.340462457169,1.2000000000007276,True,3
364,5021.85245306389,5021.85245306389,0.0,False,0
365,5021.85245306389,5021.85245306389,0.0,False,0
366,5401.104818188131,5400.704818188131,0.3999999999996362,True,7
367,5418.30912234795,5416.709122347949,1.6000000000003638,True,8
368,5021.85245306389,5021.85245306389,0.0,False,0
369,5021.85245306389,5021.85245306389,0.0,False,0
370,5494.430849967296,5492.830849967298,1.5999999999985448,True,9
371,5328.166916494364,5326.566916494366,1.5999999999985448,True,6
372,5021.85245306389,5021.85245306389,0.0,False,0
373,5073.912412790722,5073.512412790721,0.4000000000005457,True,1
374,5021.85245306389,5021.85245306389,0.0,False,0
375,5021.85245306389,5021.85245306389,0.0,False,0
376,5021.85245306389,5021.85245306389,0.0,False,0
377,5021.85245306389,5021.85245306389,0.0,False,0
378,5021.85245306389,5021.85245306389,0.0,False,0
379,5021.85245306389,5021.85245306389,0.0,False,0
380,5021.85245306389,5021.85245306389,0.0,False,0
381,5986.643269232726,5983.4432692327255,3.2000000000007276,True,19
382,5682.607842559574,5681.007842559575,1.5999999999994543,True,13
383,5021.85245306389,5021.85245306389,0.0,False,0
384,5347.719027060017,5347.719027060017,0.0,True,6
385,5021.85245306389,5021.85245306389,0.0,False,0
386,5021.85245306389,5021.85245306389,0.0,False,0
387,5021.85245306389,5021.85245306389,0.0,False,0
388,5074.816157955129,5074.416157955129,0.3999999999996362,True,1
389,5211.765809907092,5210.165809907092,1.6000000000003638,True,4
390,5021.85245306389,5021.85245306389,0.0,False,0
391,5021.85245306389,5021.85245306389,0.0,False,0
392,5021.85245306389,5021.85245306389,0.0,False,0
393,5130.1263094850965,5129.326309485096,0.8000000000001819,True,2
394,5550.638503577693,5549.038503577692,1.6000000000012733,True,10
395,5021.85245306389,5021.85245306389,0.0,False,0
396,5386.27298305303,5383.4729830530305,2.7999999999992724,True,7
397,5021.85245306389,5021.85245306389,0.0,False,0
398,5075.920735378294,5075.520735378294,0.3999999999996362,True,1
399,5127.515490121251,5126.715490121251,0.8000000000001819,True,2
400,5127.515490121251,5126.715490121251,0.8000000000001819,True,2
401,5021.85245306389,5021.85245306389,0.0,False,0
402,5073.410332143828,5073.010332143827,0.4000000000005457,True,1
403,5161.332972128354,5160.132972128354,1.2000000000007276,True,3
404,5021.85245306389,5021.85245306389,0.0,False,0
405,5021.85245306389,5021.85245306389,0.0,False,0
406,5438.159655890542,5436.559655890542,1.6000000000003638,True,8
407,5021.85245306389,5021.85245306389,0.0,False,0
408,5021.85245306389,5021.85245306389,0.0,False,0
409,5232.321868536905,5230.7218685369035,1.6000000000012733,True,4
410,5327.403207847021,5326.203207847021,1.199999999999818,True,6
411,5021.85245306389,5021.85245306389,0.0,False,0
412,5841.193276906655,5838.793276906656,2.399999999999636,True,16
413,5231.719371760632,5230.119371760634,1.5999999999985448,True,4
414,5291.257211584184,5290.857211584184,0.3999999999996362,True,5
415,5021.85245306389,5021.85245306389,0.0,False,0
416,5021.85245306389,5021.85245306389,0.0,False,0
417,5165.794983786169,5164.594983786169,1.199999999999818,True,3
418,5467.998165254462,5464.798165254462,3.199999999999818,True,9
419,5021.85245306389,5021.85245306389,0.0,False,0
420,5021.85245306389,5021.85245306389,0.0,False,0
421,5021.85245306389,5021.85245306389,0.0,False,0
422,5211.4962619389735,5209.896261938973,1.6000000000003638,True,4
423,5021.85245306389,5021.85245306389,0.0,False,0
424,5181.958772149831,5180.758772149832,1.1999999999989086,True,3
425,5021.85245306389,5021.85245306389,0.0,False,0
426,5021.85245306389,5021.85245306389,0.0,False,0
427,5124.703838498649,5123.903838498649,0.8000000000001819,True,2
428,5218.667644801254,5217.067644801254,1.6000000000003638,True,4
429,5021.85245306389,5021.85245306389,0.0,False,0
430,5021.85245306389,5021.85245306389,0.0,False,0
431,5170.148914406016,5168.948914406016,1.199999999999818,True,3
432,5021.85245306389,5021.85245306389,0.0,False,0
433,5021.85245306389,5021.85245306389,0.0,False,0
434,5021.85245306389,5021.85245306389,0.0,False,0
435,5732.697160758527,5728.697160758527,4.0,True,14
436,5021.85245306389,5021.85245306389,0.0,False,0
437,5263.420351818485,5261.420351818485,2.0,True,5
438,5177.841710845306,5176.641710845305,1.2000000000007276,True,3
439,5111.073724674575,5110.273724674575,0.8000000000001819,True,2
440,5112.9923343379305,5112.19233433793,0.8000000000001819,True,2
441,5021.85245306389,5021.85245306389,0.0,False,0
442,5160.870137004327,5159.670137004327,1.199999999999818,True,3
443,5021.85245306389,5021.85245306389,0.0,False,0
444,5021.85245306389,5021.85245306389,0.0,False,0
445,5021.85245306389,5021.85245306389,0.0,False,0
446,5392.669863320323,5389.869863320323,2.800000000000182,True,7
447,5059.838068253502,5059.438068253501,0.4000000000005457,True,1
448,5376.809090380913,5374.009090380914,2.7999999999992724,True,7
449,5125.3063352749205,5124.50633527492,0.8000000000001819,True,2
450,5217.854239415441,5216.254239415441,1.6000000000003638,True,4
451,5074.0128289201,5073.6128289201,0.4000000000005457,True,1
452,5112.2990429464535,5111.499042946454,0.7999999999992724,True,2
453,5021.85245306389,5021.85245306389,0.0,False,0
454,5021.85245306389,5021.85245306389,0.0,False,0
455,5021.85245306389,5021.85245306389,0.0,False,0
456,5224.690242704126,5223.0902427041265,1.5999999999994543,True,4
457,5238.949333075896,5238.549333075895,0.4000000000005457,True,4
458,5162.437549551519,5161.23754955152,1.1999999999989086,True,3
459,5021.85245306389,5021.85245306389,0.0,False,0
460,5021.85245306389,5021.85245306389,0.0,False,0
461,5336.271588310849,5333.871588310849,2.4000000000005457,True,6
462,5554.6551487528395,5553.05514875284,1.5999999999994543,True,10
463,5021.85245306389,5021.85245306389,0.0,False,0
464,5320.845957484767,5318.445957484765,2.400000000001455,True,6
465,5230.514378208089,5228.914378208088,1.6000000000003638,True,4
466,5074.916574084508,5074.516574084508,0.4000000000005457,True,1
467,5021.85245306389,5021.85245306389,0.0,False,0
468,5234.93268790075,5233.332687900751,1.5999999999994543,True,4
469,5164.777000722684,5163.577000722683,1.2000000000007276,True,3
470,5162.162823891942,5160.962823891942,1.199999999999818,True,3
471,5021.85245306389,5021.85245306389,0.0,False,0
472,5331.451614100673,5329.851614100673,1.6000000000003638,True,6
473,5316.064266815067,5314.464266815066,1.6000000000003638,True,6
474,5021.85245306389,5021.85245306389,0.0,False,0
475,5021.85245306389,5021.85245306389,0.0,False,0
476,5237.744339523352,5236.144339523353,1.5999999999994543,True,4
477,5021.85245306389,5021.85245306389,0.0,False,0
478,5021.85245306389,5021.85245306389,0.0,False,0
479,5071.201177297497,5070.801177297497,0.4000000000005457,True,1
480,5021.85245306389,5021.85245306389,0.0,False,0
481,5021.85245306389,5021.85245306389,0.0,False,0
482,5021.85245306389,5021.85245306389,0.0,False,0
483,5518.081281440284,5514.881281440284,3.2000000000007276,True,10
484,5021.85245306389,5021.85245306389,0.0,False,0
485,5021.85245306389,5021.85245306389,0.0,False,0
486,5021.85245306389,5021.85245306389,0.0,False,0
487,5062.184355237864,5061.7843552378645,0.3999999999996362,True,1
488,5417.50579331292,5415.90579331292,1.6000000000003638,True,8
489,5021.85245306389,5021.85245306389,0.0,False,0
490,5397.590253659877,5395.9902536598765,1.6000000000003638,True,7
491,5021.85245306389,5021.85245306389,0.0,False,0
492,5021.85245306389,5021.85245306389,0.0,False,0
493,5021.85245306389,5021.85245306389,0.0,False,0
494,5059.2985593922185,5058.898559392219,0.3999999999996362,True,1
495,5021.85245306389,5021.85245306389,0.0,False,0
496,5392.669863320323,5391.069863320323,1.6000000000003638,True,7
497,5365.93893158338,5363.93893158338,2.0,True,7
498,5021.85245306389,5021.85245306389,0.0,False,0
499,5021.85245306389,5021.85245306389,0.0,False,0
500,5021.85245306389,5021.85245306389,0.0,False,0
501,5021.85245306389,5021.85245306389,0.0,False,0
502,5127.716322380008,5126.916322380008,0.8000000000001819,True,2
503,5021.85245306389,5021.85245306389,0.0,False,0
504,5184.167926996161,5182.967926996161,1.2000000000007276,True,3
505,5021.85245306389,5021.85245306389,0.0,False,0
506,6569.26873797171,6566.06873797171,3.199999999999818,True,30
507,5021.85245306389,5021.85245306389,0.0,False,0
508,5418.30912234795,5416.709122347949,1.6000000000003638,True,8
509,5021.85245306389,5021.85245306389,0.0,False,0
510,5074.615325696372,5074.215325696372,0.3999999999996362,True,1
511,5440.56964299563,5438.969642995629,1.6000000000003638,True,8
512,5808.63051825513,5805.430518255129,3.2000000000007276,True,15
513,5070.899928909362,5070.499928909361,0.4000000000005457,True,1
514,5115.130995876641,5114.33099587664,0.8000000000001819,True,2
515,5021.85245306389,5021.85245306389,0.0,False,0
516,5342.296556073569,5340.696556073569,1.6000000000003638,True,6
517,5021.85245306389,5021.85245306389,0.0,False,0
518,5021.85245306389,5021.85245306389,0.0,False,0
519,5336.874085087122,5334.47408508712,2.400000000001455,True,6
520,5184.26834312554,5183.068343125539,1.2000000000007276,True,3
521,5021.85245306389,5021.85245306389,0.0,False,0
522,5021.85245306389,5021.85245306389,0.0,False,0
523,5262.103309331802,5260.503309331803,1.5999999999985448,True,5
524,5061.280966176326,5060.880966176324,0.4000000000014552,True,1
525,5375.517784765675,5373.517784765676,1.9999999999990905,True,7
526,5021.85245306389,5021.85245306389,0.0,False,0
527,5229.108552396787,5227.508552396787,1.5999999999994543,True,4
528,5058.407793208882,5058.0077932088825,0.3999999999996362,True,1
529,5115.130995876641,5114.33099587664,0.8000000000001819,True,2
530,5073.811996661342,5073.4119966613425,0.3999999999996362,True,1
531,5129.322980450067,5128.522980450067,0.8000000000001819,True,2
532,5021.85245306389,5021.85245306389,0.0,False,0
533,5021.85245306389,5021.85245306389,0.0,False,0
534,5021.85245306389,5021.85245306389,0.0,False,0
535,5021.85245306389,5021.85245306389,0.0,False,0
536,5120.687193323502,5119.887193323502,0.7999999999992724,True,2
537,5714.562328047445,5712.962328047445,1.5999999999994543,True,13
538,5021.85245306389,5021.85245306389,0.0,False,0
539,5021.85245306389,5021.85245306389,0.0,False,0
540,5627.301155305373,5624.501155305375,2.799999999998363,True,12
541,5021.85245306389,5021.85245306389,0.0,False,0
542,5063.209037699489,5062.80903769949,0.3999999999996362,True,1
543,5021.85245306389,5021.85245306389,0.0,False,0
544,5179.347952785986,5178.147952785986,1.2000000000007276,True,3
545,5021.85245306389,5021.85245306389,0.0,False,0
546,5651.323947464689,5649.323947464689,2.0,True,12
547,5073.410332143828,5073.010332143827,0.4000000000005457,True,1
548,5725.005605502825,5725.005605502825,0.0,True,13
549,5021.85245306389,5021.85245306389,0.0,False,0
550,5021.85245306389,5021.85245306389,0.0,False,0
551,5516.29614136243,5514.696141362429,1.6000000000003638,True,10
552,5021.85245306389,5021.85245306389,0.0,False,0
553,5021.85245306389,5021.85245306389,0.0,False,0
554,5120.285528805987,5119.485528805987,0.8000000000001819,True,2
555,5073.109083755692,5072.709083755692,0.4000000000005457,True,1
556,5438.762152666814,5435.962152666814,2.7999999999992724,True,8
557,5075.51907086078,5075.119070860779,0.4000000000005457,True,1
558,5075.619486990158,5075.219486990158,0.4000000000005457,True,1
559,5274.735250642683,5272.735250642684,1.9999999999990905,True,5
560,5021.85245306389,5021.85245306389,0.0,False,0
561,5021.85245306389,5021.85245306389,0.0,False,0
562,5021.85245306389,5021.85245306389,0.0,False,0
563,5021.85245306389,5021.85245306389,0.0,False,0
564,5021.85245306389,5021.85245306389,0.0,False,0
565,5340.790314132889,5338.79031413289,1.9999999999990905,True,6
566,5021.85245306389,5021.85245306389,0.0,False,0
567,5232.723533054419,5231.123533054419,1.6000000000003638,True,4
568,5075.619486990158,5075.219486990158,0.4000000000005457,True,1
569,5021.85245306389,5021.85245306389,0.0,False,0
570,5021.85245306389,5021.85245306389,0.0,False,0
571,5074.916574084508,5074.516574084508,0.4000000000005457,True,1
572,5335.669091534577,5334.069091534577,1.6000000000003638,True,6
573,5021.85245306389,5021.85245306389,0.0,False,0
574,5021.85245306389,5021.85245306389,0.0,False,0
575,5679.64178948652,5678.0417894865195,1.6000000000003638,True,13
576,5021.85245306389,5021.85245306389,0.0,False,0
577,5021.85245306389,5021.85245306389,0.0,False,0
578,5074.0128289201,5073.6128289201,0.4000000000005457,True,1
579,5184.469175384297,5183.669175384298,0.7999999999992724,True,3
580,5556.663471340413,5554.263471340413,2.399999999999636,True,10
581,5076.22198376643,5075.821983766429,0.4000000000005457,True,1
582,5071.201177297497,5070.801177297497,0.4000000000005457,True,1
583,5396.887340754227,5395.287340754226,1.6000000000012733,True,7
584,5021.85245306389,5021.85245306389,0.0,False,0
585,5021.85245306389,5021.85245306389,0.0,False,0
586,5169.546417629744,5168.346417629744,1.199999999999818,True,3
587,5021.85245306389,5021.85245306389,0.0,False,0
588,5290.554298678533,5288.954298678534,1.5999999999994543,True,5
589,5021.85245306389,5021.85245306389,0.0,False,0
590,5119.248688685347,5118.4486886853465,0.8000000000001819,True,2
591,5214.441630942905,5212.841630942905,1.6000000000003638,True,4
592,5343.501549626112,5341.901549626112,1.6000000000003638,True,6
593,5878.292530383485,5876.2925303834845,2.0000000000009095,True,17
594,5021.85245306389,5021.85245306389,0.0,False,0
595,5075.318238602023,5074.918238602023,0.3999999999996362,True,1
596,5365.298749938328,5363.698749938329,1.5999999999994543,True,7
597,5160.528595280388,5159.328595280388,1.199999999999818,True,3
598,5486.81725551339,5484.417255513391,2.3999999999987267,True,9
599,5073.711580531964,5073.311580531964,0.3999999999996362,True,1
600,5021.85245306389,5021.85245306389,0.0,False,0
601,5075.016990213887,5074.616990213886,0.4000000000005457,True,1
602,5021.85245306389,5021.85245306389,0.0,False,0
603,5021.85245306389,5021.85245306389,0.0,False,0
604,5126.511328827464,5125.711328827465,0.7999999999992724,True,2
605,5021.85245306389,5021.85245306389,0.0,False,0
606,5312.873305217653,5311.2733052176545,1.5999999999985448,True,6
607,5522.466267404499,5520.866267404499,1.6000000000003638,True,10
608,5436.211255933496,5435.411255933496,0.8000000000001819,True,8
609,5021.85245306389,5021.85245306389,0.0,False,0
610,5465.536157439302,5463.9361574393015,1.6000000000003638,True,9
611,5021.85245306389,5021.85245306389,0.0,False,0
612,5021.85245306389,5021.85245306389,0.0,False,0
613,5021.85245306389,5021.85245306389,0.0,False,0
614,5021.85245306389,5021.85245306389,0.0,False,0
615,5021.85245306389,5021.85245306389,0.0,False,0
616,5126.712161086221,5125.912161086221,0.8000000000001819,True,2
617,5345.710704472444,5344.910704472443,0.8000000000010914,True,6
618,5021.85245306389,5021.85245306389,0.0,False,0
619,5021.85245306389,5021.85245306389,0.0,False,0
620,5021.85245306389,5021.85245306389,0.0,False,0
621,5109.487391323852,5108.6873913238505,0.8000000000010914,True,2
622,5021.85245306389,5021.85245306389,0.0,False,0
623,5067.010845484878,5066.610845484877,0.4000000000005457,True,1
624,5333.861601205761,5332.2616012057615,1.5999999999994543,True,6
625,5620.196811268764,5618.596811268764,1.5999999999994543,True,12
626,5109.576630649507,5108.776630649507,0.8000000000001819,True,2
627,5021.85245306389,5021.85245306389,0.0,False,0
628,5273.09935411557,5271.09935411557,2.0,True,5
629,5279.50852444688,5277.9085244468815,1.5999999999985448,True,5
630,5127.113825603736,5126.313825603736,0.7999999999992724,True,2
631,5021.85245306389,5021.85245306389,0.0,False,0
632,5021.85245306389,5021.85245306389,0.0,False,0
633,5499.8533209537445,5498.253320953746,1.5999999999985448,True,9
634,5021.85245306389,5021.85245306389,0.0,False,0
635,5021.85245306389,5021.85245306389,0.0,False,0
636,5021.85245306389,5021.85245306389,0.0,False,0
637,5313.678035720032,5312.078035720033,1.5999999999994543,True,6
638,5127.716322380008,5126.916322380008,0.8000000000001819,True,2
639,5021.85245306389,5021.85245306389,0.0,False,0
640,5021.85245306389,5021.85245306389,0.0,False,0
641,5629.179925203446,5626.379925203447,2.7999999999992724,True,12
642,5021.85245306389,5021.85245306389,0.0,False,0
643,5021.85245306389,5021.85245306389,0.0,False,0
644,5231.719371760632,5230.119371760633,1.5999999999994543,True,4
645,5021.85245306389,5021.85245306389,0.0,False,0
646,5021.85245306389,5021.85245306389,0.0,False,0
647,5120.08469654723,5119.28469654723,0.8000000000001819,True,2
648,5112.104943668704,5111.304943668703,0.8000000000010914,True,2
649,5075.016990213887,5074.616990213886,0.4000000000005457,True,1
650,5872.17626891988,5870.57626891988,1.6000000000003638,True,17
651,5930.664674784487,5929.064674784487,1.6000000000003638,True,17
652,5021.85245306389,5021.85245306389,0.0,False,0
653,5021.85245306389,5021.85245306389,0.0,False,0
654,5212.3009351515475,5210.700935151547,1.6000000000003638,True,4
655,5021.85245306389,5021.85245306389,0.0,False,0
656,5293.566782559893,5293.566782559893,0.0,True,5
657,5160.375362385481,5159.175362385482,1.1999999999989086,True,3
658,5316.064266815067,5314.464266815066,1.6000000000003638,True,6
659,5021.85245306389,5021.85245306389,0.0,False,0
660,5288.144311573445,5286.1443115734455,1.9999999999990905,True,5
661,5365.509173889401,5363.509173889401,2.0,True,7
662,5021.85245306389,5021.85245306389,0.0,False,0
663,5021.85245306389,5021.85245306389,0.0,False,0
664,5021.85245306389,5021.85245306389,0.0,False,0
665,5021.85245306389,5021.85245306389,0.0,False,0
666,5219.49605528852,5217.89605528852,1.6000000000003638,True,4
667,5120.687193323502,5119.887193323502,0.7999999999992724,True,2
668,5021.85245306389,5021.85245306389,0.0,False,0
669,5567.2201347418195,5565.62013474182,1.5999999999994543,True,11
670,5162.162823891942,5160.962823891942,1.199999999999818,True,3
671,5126.712161086221,5125.912161086221,0.8000000000001819,True,2
672,5291.55845997232,5289.95845997232,1.5999999999994543,True,5
673,5219.470973836284,5217.870973836284,1.6000000000003638,True,4
674,5021.85245306389,5021.85245306389,0.0,False,0
675,5021.85245306389,5021.85245306389,0.0,False,0
676,5075.719903119537,5075.319903119537,0.3999999999996362,True,1
677,5283.3243373632695,5281.3243373632695,2.0,True,5
678,5415.469976235605,5413.8699762356055,1.5999999999994543,True,8
679,5180.2516979503935,5179.051697950393,1.2000000000007276,True,3
680,5344.1040464023845,5342.504046402385,1.5999999999994543,True,6
681,5770.704296250564,5769.1042962505635,1.6000000000003638,True,15
682,5271.377879784233,5269.377879784233,2.0,True,5
683,5021.85245306389,5021.85245306389,0.0,False,0
684,5021.85245306389,5021.85245306389,0.0,False,0
685,5063.209037699489,5062.80903769949,0.3999999999996362,True,1
686,5021.85245306389,5021.85245306389,0.0,False,0
687,5214.560297361124,5212.960297361124,1.6000000000003638,True,4
688,5160.308346956533,5159.108346956533,1.199999999999818,True,3
689,5021.85245306389,5021.85245306389,0.0,False,0
690,5268.56622816163,5266.966228161631,1.5999999999985448,True,5
691,5506.179537104601,5504.5795371046,1.6000000000012733,True,9
692,5130.728806261368,5130.728806261368,0.0,True,2
693,5234.531023383234,5232.931023383236,1.5999999999985448,True,4
694,5130.1263094850965,5129.326309485096,0.8000000000001819,True,2
695,5021.85245306389,5021.85245306389,0.0,False,0
696,5021.85245306389,5021.85245306389,0.0,False,0
697,5182.962933443617,5181.762933443617,1.199999999999818,True,3
698,5073.711580531964,5073.311580531964,0.3999999999996362,True,1
699,5021.85245306389,5021.85245306389,0.0,False,0
700,5021.85245306389,5021.85245306389,0.0,False,0
701,5345.309039954928,5343.709039954929,1.5999999999994543,True,6
702,5453.422907556098,5452.222907556099,1.1999999999989086,True,8
703,5021.85245306389,5021.85245306389,0.0,False,0
704,5262.001332548336,5260.4013325483365,1.5999999999994543,True,5
705,5115.130995876641,5114.33099587664,0.8000000000001819,True,2
706,5021.85245306389,5021.85245306389,0.0,False,0
707,5021.85245306389,5021.85245306389,0.0,False,0
708,5283.123505104513,5281.123505104513,2.0,True,5
709,5126.310496568707,5125.510496568708,0.7999999999992724,True,2
710,5280.512685740668,5278.912685740667,1.6000000000003638,True,5
711,5179.649201174122,5178.449201174121,1.2000000000007276,True,3
712,5126.511328827464,5125.711328827464,0.8000000000001819,True,2
713,5021.85245306389,5021.85245306389,0.0,False,0
714,5021.85245306389,5021.85245306389,0.0,False,0
715,5058.353457947941,5057.953457947941,0.3999999999996362,True,1
716,5471.344548756888,5468.544548756887,2.8000000000010914,True,9
717,5620.071193990109,5617.67119399011,2.399999999999636,True,12
718,5021.85245306389,5021.85245306389,0.0,False,0
719,5266.881508972525,5265.2815089725245,1.6000000000003638,True,5
720,5075.016990213887,5074.616990213886,0.4000000000005457,True,1
721,5021.85245306389,5021.85245306389,0.0,False,0
722,5167.03973766141,5165.839737661409,1.2000000000007276,True,3
723,5124.904670757406,5124.104670757406,0.8000000000001819,True,2
724,5109.487391323852,5108.6873913238505,0.8000000000010914,True,2
725,5676.5038729058215,5673.303872905822,3.199999999999818,True,13
726,5073.109083755692,5072.709083755692,0.4000000000005457,True,1
727,5021.85245306389,5021.85245306389,0.0,False,0
728,5021.85245306389,5021.85245306389,0.0,False,0
729,5399.698992376829,5398.49899237683,1.1999999999989086,True,7
730,5021.85245306389,5021.85245306389,0.0,False,0
731,5212.357995907576,5210.7579959075765,1.5999999999994543,True,4
732,5021.85245306389,5021.85245306389,0.0,False,0
733,5185.071672160569,5185.071672160569,0.0,True,3
734,5021.85245306389,5021.85245306389,0.0,False,0
735,5021.85245306389,5021.85245306389,0.0,False,0
736,5185.071672160569,5185.071672160569,0.0,True,3
737,5160.209392032763,5159.009392032764,1.199999999999818,True,3
738,5239.35099759341,5239.35099759341,0.0,True,4
739,5021.85245306389,5021.85245306389,0.0,False,0
740,5021.85245306389,5021.85245306389,0.0,False,0
741,5211.113361486706,5209.513361486706,1.5999999999994543,True,4
742,5021.85245306389,5021.85245306389,0.0,False,0
743,5021.85245306389,5021.85245306389,0.0,False,0
744,5183.866678608026,5182.666678608025,1.2000000000007276,True,3
745,5130.728806261368,5130.728806261368,0.0,True,2
746,5021.85245306389,5021.85245306389,0.0,False,0
747,5021.85245306389,5021.85245306389,0.0,False,0
748,5401.8077310937815,5401.8077310937815,0.0,True,7
749,5185.071672160569,5185.071672160569,0.0,True,3
750,5021.85245306389,5021.85245306389,0.0,False,0
751,5181.757939891074,5180.557939891075,1.1999999999989086,True,3
752,5021.85245306389,5021.85245306389,0.0,False,0
753,5073.109083755692,5072.709083755692,0.4000000000005457,True,1
754,5075.920735378294,5075.520735378294,0.3999999999996362,True,1
755,5021.85245306389,5021.85245306389,0.0,False,0
756,5315.574406823181,5313.97440682318,1.6000000000003638,True,6
757,5021.85245306389,5021.85245306389,0.0,False,0
758,6386.552173908973,6383.352173908974,3.1999999999989086,True,26
759,5286.537653503387,5284.937653503386,1.6000000000012733,True,5
760,5021.85245306389,5021.85245306389,0.0,False,0
761,5313.2884988191545,5311.688498819154,1.6000000000003638,True,6
762,5021.85245306389,5021.85245306389,0.0,False,0
763,5981.744862712592,5978.944862712591,2.8000000000010914,True,18
764,5021.85245306389,5021.85245306389,0.0,False,0
765,5232.62311692504,5231.023116925039,1.6000000000012733,True,4
766,5822.6686168294755,5821.068616829477,1.5999999999985448,True,16
767,5021.85245306389,5021.85245306389,0.0,False,0
768,5364.176469880785,5362.576469880784,1.6000000000003638,True,7
769,5109.327761055138,5108.527761055138,0.7999999999992724,True,2
770,5126.511328827464,5125.711328827464,0.8000000000001819,True,2
771,5185.071672160569,5185.071672160569,0.0,True,3
772,5021.85245306389,5021.85245306389,0.0,False,0
773,5285.935156727115,5283.935156727116,1.9999999999990905,True,5
774,5618.861876558997,5617.261876558997,1.6000000000003638,True,12
775,5021.85245306389,5021.85245306389,0.0,False,0
776,5182.661685055481,5181.46168505548,1.2000000000007276,True,3
777,5076.021151507673,5075.621151507673,0.3999999999996362,True,1
778,5021.85245306389,5021.85245306389,0.0,False,0
779,5236.137681453294,5234.537681453293,1.6000000000012733,True,4
780,5021.85245306389,5021.85245306389,0.0,False,0
781,5021.85245306389,5021.85245306389,0.0,False,0
782,5489.912124145257,5488.312124145256,1.6000000000003638,True,9
783,5021.85245306389,5021.85245306389,0.0,False,0
784,5021.85245306389,5021.85245306389,0.0,False,0
785,5021.85245306389,5021.85245306389,0.0,False,0
786,5021.85245306389,5021.85245306389,0.0,False,0
787,5058.583421869909,5058.18342186991,0.3999999999996362,True,1
788,5417.462337692631,5415.862337692631,1.6000000000003638,True,8
789,5021.85245306389,5021.85245306389,0.0,False,0
790,5375.388199127003,5372.5881991270035,2.7999999999992724,True,7
791,5583.933227830242,5580.733227830242,3.199999999999818,True,11
792,5021.85245306389,5021.85245306389,0.0,False,0
793,5417.462337692631,5415.862337692631,1.6000000000003638,True,8
794,5021.85245306389,5021.85245306389,0.0,False,0
795,5598.3476618539235,5596.3476618539235,2.0,True,11
796,5130.327141743854,5129.527141743853,0.8000000000010914,True,2
797,5021.85245306389,5021.85245306389,0.0,False,0
798,5021.85245306389,5021.85245306389,0.0,False,0
799,5062.184355237864,5061.7843552378645,0.3999999999996362,True,1
800,5021.85245306389,5021.85245306389,0.0,False,0
801,5021.85245306389,5021.85245306389,0.0,False,0
802,5371.6551817363625,5368.855181736362,2.800000000000182,True,7
803,5021.85245306389,5021.85245306389,0.0,False,0
804,5021.85245306389,5021.85245306389,0.0,False,0
805,5021.85245306389,5021.85245306389,0.0,False,0
806,5021.85245306389,5021.85245306389,0.0,False,0
807,5631.994944181308,5629.994944181308,2.0,True,12
808,5594.732681196291,5591.93268119629,2.8000000000010914,True,11
809,5021.85245306389,5021.85245306389,0.0,False,0
810,5074.213661178857,5073.813661178858,0.3999999999996362,True,1
811,5559.675955221773,5558.075955221773,1.5999999999994543,True,10
812,5021.85245306389,5021.85245306389,0.0,False,0
813,5311.024201486947,5309.024201486947,2.0,True,6
814,5021.85245306389,5021.85245306389,0.0,False,0
815,5021.85245306389,5021.85245306389,0.0,False,0
816,5021.85245306389,5021.85245306389,0.0,False,0
817,6017.7904132848,6014.590413284799,3.2000000000007276,True,19
818,5073.309916014449,5072.909916014449,0.4000000000005457,True,1
819,5021.85245306389,5021.85245306389,0.0,False,0
820,5021.85245306389,5021.85245306389,0.0,False,0
821,5073.109083755692,5072.709083755692,0.4000000000005457,True,1
822,5021.85245306389,5021.85245306389,0.0,False,0
823,5073.410332143828,5073.010332143827,0.4000000000005457,True,1
824,5111.3388463995625,5110.538846399562,0.8000000000001819,True,2
825,5446.192946240834,5443.392946240834,2.800000000000182,True,8
826,5070.799512779982,5070.399512779983,0.3999999999996362,True,1
827,5021.85245306389,5021.85245306389,0.0,False,0
828,5064.3550135612,5063.9550135612,0.4000000000005457,True,1
829,5610.899678026256,5609.299678026256,1.6000000000003638,True,11
830,5070.151851008897,5069.751851008897,0.4000000000005457,True,1
831,5021.85245306389,5021.85245306389,0.0,False,0
832,5123.197596557969,5122.397596557969,0.7999999999992724,True,2
833,5021.85245306389,5021.85245306389,0.0,False,0
834,5074.916574084508,5074.516574084508,0.4000000000005457,True,1
835,5021.85245306389,5021.85245306389,0.0,False,0
836,5185.071672160569,5185.071672160569,0.0,True,3
837,5128.5196514150375,5127.719651415038,0.7999999999992724,True,2
838,5021.85245306389,5021.85245306389,0.0,False,0
839,5183.264181831753,5182.864181831753,0.4000000000005457,True,3
840,5021.85245306389,5021.85245306389,0.0,False,0
841,5076.322399895808,5076.322399895808,0.0,True,1
842,5074.816157955129,5074.416157955129,0.3999999999996362,True,1
843,5021.85245306389,5021.85245306389,0.0,False,0
844,5021.85245306389,5021.85245306389,0.0,False,0
845,5021.85245306389,5021.85245306389,0.0,False,0
846,5021.85245306389,5021.85245306389,0.0,False,0
847,5021.85245306389,5021.85245306389,0.0,False,0
848,5289.048056737854,5287.448056737853,1.6000000000003638,True,5
849,5401.104818188131,5400.704818188131,0.3999999999996362,True,7
850,5021.85245306389,5021.85245306389,0.0,False,0
851,5021.85245306389,5021.85245306389,0.0,False,0
852,5366.201798963387,5364.201798963389,1.999999999998181,True,7
853,5179.347952785986,5178.147952785986,1.2000000000007276,True,3
854,5071.00034503874,5070.60034503874,0.4000000000005457,True,1
855,5234.531023383235,5233.331023383234,1.2000000000007276,True,4
856,5164.777000722684,5163.577000722683,1.2000000000007276,True,3
857,5076.021151507673,5075.621151507673,0.3999999999996362,True,1
858,5021.85245306389,5021.85245306389,0.0,False,0
859,5125.3063352749205,5124.50633527492,0.8000000000001819,True,2
860,5168.100134646099,5166.900134646099,1.199999999999818,True,3
861,5177.841710845306,5176.641710845305,1.2000000000007276,True,3
862,5982.246943359487,5979.846943359486,2.4000000000005457,True,18
863,5058.608667626313,5058.208667626313,0.3999999999996362,True,1
864,5021.85245306389,5021.85245306389,0.0,False,0
865,5109.576630649507,5108.776630649507,0.8000000000001819,True,2
866,5021.85245306389,5021.85245306389,0.0,False,0
867,5021.85245306389,5021.85245306389,0.0,False,0
868,5021.85245306389,5021.85245306389,0.0,False,0
869,5021.85245306389,5021.85245306389,0.0,False,0
870,5021.85245306389,5021.85245306389,0.0,False,0
871,5021.85245306389,5021.85245306389,0.0,False,0
872,5119.248688685347,5118.4486886853465,0.8000000000001819,True,2
873,5021.85245306389,5021.85245306389,0.0,False,0
874,5021.85245306389,5021.85245306389,0.0,False,0
875,5021.85245306389,5021.85245306389,0.0,False,0
876,5162.992904851262,5161.792904851263,1.1999999999989086,True,3
877,5392.669863320323,5391.069863320323,1.6000000000003638,True,7
878,5073.109083755692,5072.709083755692,0.4000000000005457,True,1
879,5021.85245306389,5021.85245306389,0.0,False,0
880,5021.85245306389,5021.85245306389,0.0,False,0
881,5617.527142565247,5617.527142565247,0.0,True,11
882,5167.126252276939,5165.926252276939,1.2000000000007276,True,3
883,5212.901062067971,5211.3010620679715,1.5999999999994543,True,4
884,5340.288233485995,5338.288233485996,1.9999999999990905,True,6
885,5127.515490121251,5126.715490121251,0.8000000000001819,True,2
886,5109.487391323852,5108.6873913238505,0.8000000000010914,True,2
887,5116.3822667461245,5115.582266746123,0.8000000000010914,True,2
888,5177.841710845306,5176.641710845305,1.2000000000007276,True,3
889,5021.85245306389,5021.85245306389,0.0,False,0
890,5161.332972128354,5160.132972128354,1.2000000000007276,True,3
891,6227.660259029063,6224.860259029062,2.8000000000010914,True,23
892,5627.112657000115,5625.512657000115,1.6000000000003638,True,12
893,5021.85245306389,5021.85245306389,0.0,False,0
894,5115.418675938199,5114.6186759382,0.7999999999992724,True,2
895,5021.85245306389,5021.85245306389,0.0,False,0
896,5064.3550135612,5063.9550135612,0.4000000000005457,True,1
897,5021.85245306389,5021.85245306389,0.0,False,0
898,5179.347952785986,5178.147952785986,1.2000000000007276,True,3
899,5021.85245306389,5021.85245306389,0.0,False,0
900,5021.85245306389,5021.85245306389,0.0,False,0
901,5112.9923343379305,5112.19233433793,0.8000000000001819,True,2
902,5668.480102777937,5666.880102777936,1.6000000000003638,True,13
903,5021.85245306389,5021.85245306389,0.0,False,0
904,5163.784315045684,5162.584315045683,1.2000000000007276,True,3
905,5262.441988459386,5260.441988459387,1.9999999999990905,True,5
906,5021.85245306389,5021.85245306389,0.0,False,0
907,5117.754831015693,5116.954831015692,0.8000000000001819,True,2
908,5021.85245306389,5021.85245306389,0.0,False,0
909,5021.85245306389,5021.85245306389,0.0,False,0
910,5779.396101779301,5776.5961017793015,2.7999999999992724,True,15
911,5021.85245306389,5021.85245306389,0.0,False,0
912,5021.85245306389,5021.85245306389,0.0,False,0
913,5021.85245306389,5021.85245306389,0.0,False,0
914,5368.529498770593,5366.529498770593,2.0,True,7
915,5021.85245306389,5021.85245306389,0.0,False,0
916,5021.85245306389,5021.85245306389,0.0,False,0
917,5021.85245306389,5021.85245306389,0.0,False,0
918,5021.85245306389,5021.85245306389,0.0,False,0
919,5074.615325696372,5074.215325696372,0.3999999999996362,True,1
920,5126.511328827464,5125.711328827464,0.8000000000001819,True,2
921,5021.85245306389,5021.85245306389,0.0,False,0
922,5021.85245306389,5021.85245306389,0.0,False,0
923,5021.85245306389,5021.85245306389,0.0,False,0
924,5021.85245306389,5021.85245306389,0.0,False,0
925,5021.85245306389,5021.85245306389,0.0,False,0
926,5160.375362385481,5159.175362385482,1.1999999999989086,True,3
927,5313.2884988191545,5311.688498819154,1.6000000000003638,True,6
928,5021.85245306389,5021.85245306389,0.0,False,0
929,5576.662773016126,5574.662773016126,2.0,True,11
930,5021.85245306389,5021.85245306389,0.0,False,0
931,5021.85245306389,5021.85245306389,0.0,False,0
932,5021.85245306389,5021.85245306389,0.0,False,0
933,5058.353457947941,5057.953457947941,0.3999999999996362,True,1
934,5109.327761055138,5108.527761055138,0.7999999999992724,True,2
935,5167.037688830514,5166.237688830513,0.8000000000001819,True,3
936,5074.213661178857,5073.813661178858,0.3999999999996362,True,1
937,5466.237907484779,5464.637907484779,1.5999999999994543,True,9
938,5338.982823804073,5336.982823804073,2.0,True,6
939,5160.209392032763,5159.009392032764,1.199999999999818,True,3
940,5021.85245306389,5021.85245306389,0.0,False,0
941,5234.129358865721,5232.529358865721,1.5999999999994543,True,4
942,5112.94274171277,5112.54274171277,0.3999999999996362,True,2
943,5705.424460273986,5703.024460273989,2.399999999997817,True,13
944,5021.85245306389,5021.85245306389,0.0,False,0
945,5021.85245306389,5021.85245306389,0.0,False,0
946,5165.8909797997685,5164.690979799768,1.2000000000007276,True,3
947,5219.872638353799,5218.272638353798,1.6000000000003638,True,4
948,5386.1428149107105,5383.34281491071,2.800000000000182,True,7
949,5323.779494769044,5321.379494769043,2.4000000000005457,True,6
950,5021.85245306389,5021.85245306389,0.0,False,0
951,5237.643923393974,5237.243923393973,0.4000000000005457,True,4
952,5021.85245306389,5021.85245306389,0.0,False,0
953,5127.515490121251,5126.715490121251,0.8000000000001819,True,2
954,5021.85245306389,5021.85245306389,0.0,False,0
955,5383.988359020661,5381.188359020662,2.7999999999992724,True,7
956,5021.85245306389,5021.85245306389,0.0,False,0
957,5021.85245306389,5021.85245306389,0.0,False,0
958,5021.85245306389,5021.85245306389,0.0,False,0
959,5021.85245306389,5021.85245306389,0.0,False,0
960,5213.930840352161,5212.330840352161,1.5999999999994543,True,4
961,5021.85245306389,5021.85245306389,0.0,False,0
962,5021.85245306389,5021.85245306389,0.0,False,0
963,5120.486361064744,5119.686361064745,0.7999999999992724,True,2
964,5180.854194726665,5179.654194726666,1.1999999999989086,True,3
965,5489.735281759386,5488.135281759386,1.6000000000003638,True,9
966,5021.85245306389,5021.85245306389,0.0,False,0
967,5381.086710213968,5380.286710213968,0.8000000000001819,True,7
968,5073.209499885071,5072.80949988507,0.4000000000005457,True,1
969,5021.85245306389,5021.85245306389,0.0,False,0
970,5021.85245306389,5021.85245306389,0.0,False,0
971,5124.703838498649,5123.903838498649,0.8000000000001819,True,2
972,5021.85245306389,5021.85245306389,0.0,False,0
973,5126.511328827464,5125.711328827464,0.8000000000001819,True,2
974,5021.85245306389,5021.85245306389,0.0,False,0
975,5075.820319248915,5075.420319248916,0.3999999999996362,True,1
976,5021.85245306389,5021.85245306389,0.0,False,0
977,5021.85245306389,5021.85245306389,0.0,False,0
978,5503.568717740755,5501.168717740755,2.4000000000005457,True,9
979,5021.85245306389,5021.85245306389,0.0,False,0
980,5940.1866045189545,5936.986604518954,3.2000000000007276,True,18
981,5021.85245306389,5021.85245306389,0.0,False,0
982,5182.661685055481,5181.46168505548,1.2000000000007276,True,3
983,5273.310099233133,5271.310099233134,1.9999999999990905,True,5
984,5076.322399895808,5076.322399895808,0.0,True,1
985,5021.85245306389,5021.85245306389,0.0,False,0
986,5021.85245306389,5021.85245306389,0.0,False,0
987,5021.85245306389,5021.85245306389,0.0,False,0
988,5021.85245306389,5021.85245306389,0.0,False,0
989,5284.02725026892,5282.027250268921,1.9999999999990905,True,5
990,5170.148914406016,5168.948914406016,1.199999999999818,True,3
991,5215.732503438126,5214.132503438125,1.6000000000003638,True,4
992,5125.5071675336785,5124.707167533678,0.8000000000001819,True,2
993,5021.85245306389,5021.85245306389,0.0,False,0
994,5021.85245306389,5021.85245306389,0.0,False,0
995,5021.85245306389,5021.85245306389,0.0,False,0
996,5021.85245306389,5021.85245306389,0.0,False,0
997,5555.659310046626,5554.059310046626,1.6000000000003638,True,10
998,5120.687193323502,5119.887193323502,0.7999999999992724,True,2
999,5021.85245306389,5021.85245306389,0.0,False,0
