race,t_adaptive,t_fixed
0,5293.566782559893,5293.566782559893
1,5021.85245306389,5021.85245306389
2,5021.85245306389,5021.85245306389
3,5021.85245306389,5021.85245306389
4,5021.85245306389,5021.85245306389
5,5021.85245306389,5021.85245306389
6,5239.35099759341,5239.35099759341
7,5072.709083755692,5073.109083755692
8,5021.85245306389,5021.85245306389
9,5058.0204160870835,5072.820416087084
10,5698.602821546296,5700.202821546297
11,5159.108346956533,5174.708346956533
12,5021.85245306389,5021.85245306389
13,5660.350192215974,5678.708906485084
14,5270.259602520414,5285.398570277051
15,5021.85245306389,5021.85245306389
16,5021.85245306389,5021.85245306389
17,5176.340462457169,5177.54046245717
18,5021.85245306389,5021.85245306389
19,5209.513361486706,5225.2266502852735
20,5159.031730509079,5174.105850180261
21,5072.709083755692,5073.109083755692
22,5021.85245306389,5021.85245306389
23,5411.956846088832,5425.131557089536
24,5021.85245306389,5021.85245306389
25,5021.85245306389,5021.85245306389
26,5021.85245306389,5021.85245306389
27,5021.85245306389,5021.85245306389
28,5159.328595280388,5160.528595280388
29,5021.85245306389,5021.85245306389
30,5021.85245306389,5021.85245306389
31,5021.85245306389,5021.85245306389
32,5210.7579959075765,5223.218327697701
33,5073.311580531964,5073.711580531964
34,5311.343285216493,5325.612764989545
35,5021.85245306389,5021.85245306389
36,5021.85245306389,5021.85245306389
37,5021.85245306389,5021.85245306389
38,5021.85245306389,5021.85245306389
39,5021.85245306389,5021.85245306389
40,5674.9767503909325,5676.576750390931
41,5075.018654731401,5075.418654731401
42,5021.85245306389,5021.85245306389
43,5021.85245306389,5021.85245306389
44,5281.423088975133,5283.023088975134
45,5159.108346956533,5174.708346956533
46,5021.85245306389,5021.85245306389
47,5612.312161907617,5613.912161907616
48,5021.85245306389,5021.85245306389
49,5021.85245306389,5021.85245306389
50,5073.311580531964,5073.711580531964
51,5213.841750014067,5230.617164197316
52,5021.85245306389,5021.85245306389
53,5058.898559392219,5072.318335440191
54,5021.85245306389,5021.85245306389
55,5424.800458722435,5441.201037724847
56,5419.777331321189,5435.202871475711
57,5021.85245306389,5021.85245306389
58,5464.304416827105,5465.904416827106
59,5412.969255379349,5428.344873229653
60,5967.529965434141,5983.880806915068
61,5941.738414072273,5959.479687476053
62,5021.85245306389,5021.85245306389
63,5060.09887051487,5072.117503181434
64,5021.85245306389,5021.85245306389
65,5021.85245306389,5021.85245306389
66,5021.85245306389,5021.85245306389
67,5021.85245306389,5021.85245306389
68,5119.083864288473,5119.755735542818
69,5021.85245306389,5021.85245306389
70,5021.85245306389,5021.85245306389
71,5021.85245306389,5021.85245306389
72,5129.326309485096,5130.1263094850965
73,5021.85245306389,5021.85245306389
74,5021.85245306389,5021.85245306389
75,5690.410522058238,5703.393981340959
76,5021.85245306389,5021.85245306389
77,5176.641710845305,5177.841710845306
78,5021.85245306389,5021.85245306389
79,5346.716530283745,5347.116530283745
80,5021.85245306389,5021.85245306389
81,5123.903838498649,5124.703838498649
82,5021.85245306389,5021.85245306389
83,5127.317986897524,5128.117986897523
84,5075.319903119537,5075.719903119537
85,5021.85245306389,5021.85245306389
86,5021.85245306389,5021.85245306389
87,5418.717160437188,5432.464834468902
88,5109.894042530506,5122.567387165421
89,5021.85245306389,5021.85245306389
90,5652.734476472281,5655.934476472281
91,5074.416157955129,5074.816157955129
92,5021.85245306389,5021.85245306389
93,5217.870973836284,5219.603347040069
94,5021.85245306389,5021.85245306389
95,5772.423022072604,5787.798876454716
96,5312.938766015201,5323.202777884457
97,5616.412115449573,5632.412115449573
98,5620.40341247148,5635.400140303794
99,5021.85245306389,5021.85245306389
100,5021.85245306389,5021.85245306389
101,5021.85245306389,5021.85245306389
102,5021.85245306389,5021.85245306389
103,5237.7476685583815,5238.547668558382
104,5021.85245306389,5021.85245306389
105,5124.50633527492,5125.3063352749205
106,5073.4119966613425,5073.811996661342
107,5160.73442109169,5176.374714427493
108,6124.621739905583,6126.2217399055835
109,5021.85245306389,5021.85245306389
110,5021.85245306389,5021.85245306389
111,5021.85245306389,5021.85245306389
112,5108.527761055138,5123.37071620045
113,5130.728806261368,5130.728806261368
114,5021.85245306389,5021.85245306389
115,5656.64404744799,5658.24404744799
116,5113.201018407243,5121.764058130391
117,5021.85245306389,5021.85245306389
118,5058.480343931022,5072.418751569569
119,5021.85245306389,5021.85245306389
120,5021.85245306389,5021.85245306389
121,5021.85245306389,5021.85245306389
122,5182.763765702375,5183.163765702375
123,5262.943935879334,5278.9655582025935
124,5392.9777697785175,5394.577769778518
125,5075.420319248916,5075.820319248915
126,5261.652899782429,5263.252899782429
127,5021.85245306389,5021.85245306389
128,5021.85245306389,5021.85245306389
129,5021.85245306389,5021.85245306389
130,5178.447536656607,5179.247536656607
131,5021.85245306389,5021.85245306389
132,5388.464037509023,5391.264037509021
133,5130.728806261368,5130.728806261368
134,5021.85245306389,5021.85245306389
135,5021.85245306389,5021.85245306389
136,5260.736237823664,5274.523961669158
137,5021.85245306389,5021.85245306389
138,5021.85245306389,5021.85245306389
139,5217.594806900384,5220.406676075098
140,5182.763765702375,5183.163765702375
141,5074.315741825751,5074.71574182575
142,5021.85245306389,5021.85245306389
143,5021.85245306389,5021.85245306389
144,5021.85245306389,5021.85245306389
145,5280.418927681348,5282.018927681348
146,5021.85245306389,5021.85245306389
147,5075.520735378294,5075.920735378294
148,5021.85245306389,5021.85245306389
149,5499.307213043847,5505.294615743701
150,5177.84670439785,5179.046704397849
151,5124.104670757406,5124.904670757406
152,5126.815906250631,5127.61590625063
153,5108.489424186509,5123.571548459207
154,5021.85245306389,5021.85245306389
155,5021.85245306389,5021.85245306389
156,5546.026019696334,5547.626019696333
157,5168.395310415344,5176.033172703553
158,5021.85245306389,5021.85245306389
159,5021.85245306389,5021.85245306389
160,5021.85245306389,5021.85245306389
161,5284.937653503386,5286.537653503387
162,5021.85245306389,5021.85245306389
163,5418.395055400826,5433.685789151995
164,5233.332687900751,5234.93268790075
165,5021.85245306389,5021.85245306389
166,5021.85245306389,5021.85245306389
167,5021.85245306389,5021.85245306389
168,5074.416157955129,5074.816157955129
169,5184.370423772432,5184.770423772433
170,5540.6068777449145,5543.006877744915
171,5021.85245306389,5021.85245306389
172,5464.592339443161,5480.404832956485
173,5528.391275011651,5541.083744838403
174,5549.244329388994,5552.044329388995
175,5616.168114031747,5627.592141239397
176,5058.18342186991,5072.519167698948
177,5598.8630586409345,5602.063058640933
178,5177.344623750956,5178.383037015066
179,5209.8698193318605,5224.358319578277
180,5021.85245306389,5021.85245306389
181,5116.285179651775,5122.065306518528
182,5021.85245306389,5021.85245306389
183,5021.85245306389,5021.85245306389
184,5021.85245306389,5021.85245306389
185,5021.85245306389,5021.85245306389
186,5021.85245306389,5021.85245306389
187,5021.85245306389,5021.85245306389
188,5021.85245306389,5021.85245306389
189,5021.85245306389,5021.85245306389
190,5021.85245306389,5021.85245306389
191,5335.274085087121,5336.874085087122
192,5021.85245306389,5021.85245306389
193,5021.85245306389,5021.85245306389
194,5021.85245306389,5021.85245306389
195,5238.549333075895,5238.949333075896
196,5021.85245306389,5021.85245306389
197,5021.85245306389,5021.85245306389
198,5058.208667626313,5058.608667626313
199,5021.85245306389,5021.85245306389
200,5021.85245306389,5021.85245306389
201,5996.348055279353,5999.916803987681
202,5021.85245306389,5021.85245306389
203,5074.215325696372,5074.615325696372
204,5075.018654731401,5075.418654731401
205,5021.85245306389,5021.85245306389
206,5494.847495142444,5498.4474951424445
207,5021.85245306389,5021.85245306389
208,5313.298485924242,5329.885526048848
209,5021.85245306389,5021.85245306389
210,5021.85245306389,5021.85245306389
211,5021.85245306389,5021.85245306389
212,5021.85245306389,5021.85245306389
213,5074.918238602023,5075.318238602023
214,5332.864097982034,5334.464097982034
215,5316.77604774915,5318.985300450553
216,5021.85245306389,5021.85245306389
217,5231.826445960069,5233.22798356116
218,5021.85245306389,5021.85245306389
219,5571.068423690993,5582.124976164739
220,5021.85245306389,5021.85245306389
221,5555.063471340412,5556.663471340414
222,5021.85245306389,5021.85245306389
223,5021.85245306389,5021.85245306389
224,5072.909916014449,5073.309916014449
225,5021.85245306389,5021.85245306389
226,5021.85245306389,5021.85245306389
227,5021.85245306389,5021.85245306389
228,5336.482407674693,5338.882407674695
229,5160.962823891942,5172.599608239581
230,5073.512412790721,5073.912412790722
231,5177.244207621578,5178.444207621577
232,5124.50633527492,5125.3063352749205
233,5360.57103214618,5375.567856775101
234,5021.85245306389,5021.85245306389
235,5021.85245306389,5021.85245306389
236,5021.85245306389,5021.85245306389
237,5021.85245306389,5021.85245306389
238,5721.094370009601,5722.294370009602
239,5160.3340184151975,5172.900856627717
240,5113.201018407243,5121.764058130391
241,5235.341010488323,5236.941010488323
242,5073.914077308235,5074.314077308236
243,5021.85245306389,5021.85245306389
244,5021.85245306389,5021.85245306389
245,5227.30772013803,5228.90772013803
246,5021.85245306389,5021.85245306389
247,5068.120701546844,5071.414590275783
248,5021.85245306389,5021.85245306389
249,5492.23001770854,5494.23001770854
250,5315.408957315129,5321.3952875556415
251,5232.529358865721,5234.129358865721
252,5075.119070860779,5075.51907086078
253,5021.85245306389,5021.85245306389
254,5021.85245306389,5021.85245306389
255,5021.85245306389,5021.85245306389
256,5260.784529365212,5262.384529365212
257,5021.85245306389,5021.85245306389
258,5021.85245306389,5021.85245306389
259,5420.000353680249,5436.939851730809
260,5509.794517762232,5509.794517762232
261,5119.686361064745,5120.35823231909
262,5514.812155641754,5530.812155641754
263,5127.920483673795,5128.720483673796
264,5021.85245306389,5021.85245306389
265,5021.85245306389,5021.85245306389
266,5021.85245306389,5021.85245306389
267,5021.85245306389,5021.85245306389
268,5021.85245306389,5021.85245306389
269,5803.517551642729,5805.117551642729
270,5124.9079997924355,5125.707999792435
271,5021.85245306389,5021.85245306389
272,5021.85245306389,5021.85245306389
273,5619.541271709395,5632.990153198705
274,5124.104670757406,5124.904670757406
275,5389.664037509021,5391.264037509021
276,5447.20376560468,5448.80376560468
277,5463.9361574393015,5476.373197491743
278,5021.85245306389,5021.85245306389
279,5520.400211591134,5538.239959720931
280,5021.85245306389,5021.85245306389
281,5021.85245306389,5021.85245306389
282,5260.736237823664,5274.523961669158
283,5021.85245306389,5021.85245306389
284,5522.471764580877,5524.471764580877
285,5021.85245306389,5021.85245306389
286,5127.317986897524,5128.117986897523
287,5021.85245306389,5021.85245306389
288,5021.85245306389,5021.85245306389
289,5021.85245306389,5021.85245306389
290,5184.370423772432,5184.770423772433
291,5231.726029830691,5233.326029830691
292,5021.85245306389,5021.85245306389
293,5021.85245306389,5021.85245306389
294,5072.80949988507,5073.209499885071
295,5163.577000722683,5171.695863075173
296,5281.826418010163,5283.826418010163
297,5285.941814797175,5287.541814797173
298,5021.85245306389,5021.85245306389
299,5021.85245306389,5021.85245306389
300,5264.680970176627,5271.511477787798
301,5021.85245306389,5021.85245306389
302,5290.555963196048,5290.955963196048
303,5365.885988530912,5379.821794030898
304,5413.87164075312,5415.61113880368
305,5212.67621267393,5223.956655060762
306,5021.85245306389,5021.85245306389
307,5779.8977235713455,5781.497723571344
308,5257.343919474903,5259.343919474903
309,5021.85245306389,5021.85245306389
310,5057.953457947941,5072.719999957705
311,5021.85245306389,5021.85245306389
312,5021.85245306389,5021.85245306389
313,5636.73643134605,5639.936431346049
314,5821.65743662771,5838.05743662771
315,5073.914077308235,5074.314077308236
316,5548.740584224588,5551.140584224586
317,5021.85245306389,5021.85245306389
318,5071.504293871035,5071.213758017025
319,5210.700935151547,5212.3009351515475
320,5021.85245306389,5021.85245306389
321,5576.121861832445,5577.721861832445
322,5070.499928909361,5070.81209349951
323,5021.85245306389,5021.85245306389
324,5226.504391103001,5228.104391103001
325,5771.4262230268705,5773.026223026871
326,5416.144189543809,5431.478588324385
327,5021.85245306389,5021.85245306389
328,5074.315741825751,5074.71574182575
329,5605.985945756759,5607.585945756759
330,5021.85245306389,5021.85245306389
331,5168.948914406016,5170.189621134493
332,5177.84670439785,5179.046704397849
333,6052.758238154776,6055.558238154777
334,6199.648835033847,6201.648835033847
335,5021.85245306389,5021.85245306389
336,5130.728806261368,5130.728806261368
337,5235.341010488323,5236.941010488323
338,5065.222282822997,5071.61542253454
339,5171.319655988237,5172.317775916544
340,5021.85245306389,5021.85245306389
341,5021.85245306389,5021.85245306389
342,5058.208667626313,5058.608667626313
343,5112.19233433793,5121.964890389149
344,5487.116737909541,5500.675473792282
345,5180.156275373557,5181.35627537356
346,5128.924644967582,5129.724644967582
347,5021.85245306389,5021.85245306389
348,5021.85245306389,5021.85245306389
349,5021.85245306389,5021.85245306389
350,5108.6873913238505,5123.169883941693
351,5076.322399895808,5076.322399895808
352,5452.222907556099,5453.422907556098
353,5210.852328607341,5211.062897001441
354,5021.85245306389,5021.85245306389
355,5108.242240163887,5125.28204033143
356,5021.85245306389,5021.85245306389
357,5128.522980450067,5129.322980450067
358,5021.85245306389,5021.85245306389
359,5290.860540619214,5292.0605406192135
360,5616.0471742860755,5628.797134791941
361,5331.056607653218,5332.656607653218
362,5609.299678026256,5610.899678026256
363,5176.340462457169,5177.54046245717
364,5021.85245306389,5021.85245306389
365,5021.85245306389,5021.85245306389
366,5400.704818188131,5401.104818188131
367,5416.709122347949,5419.50825384433
368,5021.85245306389,5021.85245306389
369,5021.85245306389,5021.85245306389
370,5492.830849967298,5494.430849967296
371,5326.566916494366,5328.078035720032
372,5021.85245306389,5021.85245306389
373,5073.512412790721,5073.912412790722
374,5021.85245306389,5021.85245306389
375,5021.85245306389,5021.85245306389
376,5021.85245306389,5021.85245306389
377,5021.85245306389,5021.85245306389
378,5021.85245306389,5021.85245306389
379,5021.85245306389,5021.85245306389
380,5021.85245306389,5021.85245306389
381,5983.4432692327255,5997.911369092558
382,5681.007842559575,5683.989761800566
383,5021.85245306389,5021.85245306389
384,5347.719027060017,5347.719027060017
385,5021.85245306389,5021.85245306389
386,5021.85245306389,5021.85245306389
387,5021.85245306389,5021.85245306389
388,5074.416157955129,5074.816157955129
389,5210.165809907092,5211.7216855058305
390,5021.85245306389,5021.85245306389
391,5021.85245306389,5021.85245306389
392,5021.85245306389,5021.85245306389
393,5129.326309485096,5130.1263094850965
394,5549.038503577692,5550.638503577693
395,5021.85245306389,5021.85245306389
396,5383.4729830530305,5390.566319874414
397,5021.85245306389,5021.85245306389
398,5075.520735378294,5075.920735378294
399,5126.715490121251,5127.515490121251
400,5126.715490121251,5127.515490121251
401,5021.85245306389,5021.85245306389
402,5073.010332143827,5073.410332143828
403,5160.132972128354,5161.332972128354
404,5021.85245306389,5021.85245306389
405,5021.85245306389,5021.85245306389
406,5436.559655890542,5438.159655890542
407,5021.85245306389,5021.85245306389
408,5021.85245306389,5021.85245306389
409,5230.7218685369035,5232.321868536905
410,5326.203207847021,5339.46343491867
411,5021.85245306389,5021.85245306389
412,5838.793276906656,5841.193276906655
413,5230.119371760634,5231.719371760632
414,5290.857211584184,5291.257211584184
415,5021.85245306389,5021.85245306389
416,5021.85245306389,5021.85245306389
417,5164.594983786169,5159.363895063648
418,5464.798165254462,5480.77589970827
419,5021.85245306389,5021.85245306389
420,5021.85245306389,5021.85245306389
421,5021.85245306389,5021.85245306389
422,5209.896261938973,5224.021656732731
423,5021.85245306389,5021.85245306389
424,5180.758772149832,5181.958772149831
425,5021.85245306389,5021.85245306389
426,5021.85245306389,5021.85245306389
427,5123.903838498649,5124.703838498649
428,5217.067644801254,5218.800018005039
429,5021.85245306389,5021.85245306389
430,5021.85245306389,5021.85245306389
431,5168.948914406016,5170.189621134493
432,5021.85245306389,5021.85245306389
433,5021.85245306389,5021.85245306389
434,5021.85245306389,5021.85245306389
435,5728.697160758527,5728.986961785554
436,5021.85245306389,5021.85245306389
437,5261.420351818485,5278.162229167563
438,5176.641710845305,5177.841710845306
439,5110.273724674575,5124.277879037643
440,5112.19233433793,5121.964890389149
441,5021.85245306389,5021.85245306389
442,5159.670137004327,5160.870137004327
443,5021.85245306389,5021.85245306389
444,5021.85245306389,5021.85245306389
445,5021.85245306389,5021.85245306389
446,5389.869863320323,5392.669863320323
447,5059.438068253501,5072.217919310812
448,5374.009090380914,5391.055364250434
449,5124.50633527492,5125.3063352749205
450,5216.254239415441,5220.808340592613
451,5073.6128289201,5074.0128289201
452,5111.499042946454,5125.984953237081
453,5021.85245306389,5021.85245306389
454,5021.85245306389,5021.85245306389
455,5021.85245306389,5021.85245306389
456,5223.0902427041265,5224.4146113063925
457,5238.549333075895,5238.949333075896
458,5161.23754955152,5162.437549551519
459,5021.85245306389,5021.85245306389
460,5021.85245306389,5021.85245306389
461,5333.871588310849,5336.271588310849
462,5553.05514875284,5554.6551487528395
463,5021.85245306389,5021.85245306389
464,5318.445957484765,5335.245957484766
465,5228.914378208088,5230.514378208089
466,5074.516574084508,5074.916574084508
467,5021.85245306389,5021.85245306389
468,5233.332687900751,5234.93268790075
469,5163.577000722683,5171.695863075173
470,5160.962823891942,5172.599608239581
471,5021.85245306389,5021.85245306389
472,5329.851614100673,5331.451614100673
473,5314.464266815066,5321.997784331913
474,5021.85245306389,5021.85245306389
475,5021.85245306389,5021.85245306389
476,5236.144339523353,5237.744339523352
477,5021.85245306389,5021.85245306389
478,5021.85245306389,5021.85245306389
479,5070.801177297497,5071.113341887646
480,5021.85245306389,5021.85245306389
481,5021.85245306389,5021.85245306389
482,5021.85245306389,5021.85245306389
483,5514.881281440284,5518.081281440284
484,5021.85245306389,5021.85245306389
485,5021.85245306389,5021.85245306389
486,5021.85245306389,5021.85245306389
487,5061.7843552378645,5071.916670922676
488,5415.90579331292,5418.704924809302
489,5021.85245306389,5021.85245306389
490,5395.9902536598765,5397.590253659877
491,5021.85245306389,5021.85245306389
492,5021.85245306389,5021.85245306389
493,5021.85245306389,5021.85245306389
494,5058.898559392219,5072.318335440191
495,5021.85245306389,5021.85245306389
496,5391.069863320323,5392.669863320323
497,5363.93893158338,5374.8610730937735
498,5021.85245306389,5021.85245306389
499,5021.85245306389,5021.85245306389
500,5021.85245306389,5021.85245306389
501,5021.85245306389,5021.85245306389
502,5126.916322380008,5127.716322380008
503,5021.85245306389,5021.85245306389
504,5182.967926996161,5184.167926996161
505,5021.85245306389,5021.85245306389
506,6566.06873797171,6569.26873797171
507,5021.85245306389,5021.85245306389
508,5416.709122347949,5419.50825384433
509,5021.85245306389,5021.85245306389
510,5074.215325696372,5074.615325696372
511,5438.969642995629,5440.56964299563
512,5805.430518255129,5807.545994579269
513,5070.499928909361,5070.81209349951
514,5114.33099587664,5121.563225871634
515,5021.85245306389,5021.85245306389
516,5340.696556073569,5342.296556073569
517,5021.85245306389,5021.85245306389
518,5021.85245306389,5021.85245306389
519,5334.47408508712,5336.874085087122
520,5183.068343125539,5184.26834312554
521,5021.85245306389,5021.85245306389
522,5021.85245306389,5021.85245306389
523,5260.503309331803,5275.026042316052
524,5060.880966176324,5072.017087052054
525,5373.517784765676,5367.117156454826
526,5021.85245306389,5021.85245306389
527,5227.508552396787,5229.108552396787
528,5058.0077932088825,5072.6195838283265
529,5114.33099587664,5121.563225871634
530,5073.4119966613425,5073.811996661342
531,5128.522980450067,5129.322980450067
532,5021.85245306389,5021.85245306389
533,5021.85245306389,5021.85245306389
534,5021.85245306389,5021.85245306389
535,5021.85245306389,5021.85245306389
536,5119.887193323502,5120.5590645778475
537,5712.962328047445,5714.562328047445
538,5021.85245306389,5021.85245306389
539,5021.85245306389,5021.85245306389
540,5624.501155305375,5641.701155305374
541,5021.85245306389,5021.85245306389
542,5062.80903769949,5071.816254793297
543,5021.85245306389,5021.85245306389
544,5178.147952785986,5179.347952785986
545,5021.85245306389,5021.85245306389
546,5649.323947464689,5650.571304756005
547,5073.010332143827,5073.410332143828
548,5725.005605502825,5725.005605502825
549,5021.85245306389,5021.85245306389
550,5021.85245306389,5021.85245306389
551,5514.696141362429,5526.795510466607
552,5021.85245306389,5021.85245306389
553,5021.85245306389,5021.85245306389
554,5119.485528805987,5120.157400060333
555,5072.709083755692,5073.109083755692
556,5435.962152666814,5438.762152666814
557,5075.119070860779,5075.51907086078
558,5075.219486990158,5075.619486990158
559,5272.735250642684,5285.599402535808
560,5021.85245306389,5021.85245306389
561,5021.85245306389,5021.85245306389
562,5021.85245306389,5021.85245306389
563,5021.85245306389,5021.85245306389
564,5021.85245306389,5021.85245306389
565,5338.79031413289,5340.790314132889
566,5021.85245306389,5021.85245306389
567,5231.123533054419,5232.723533054419
568,5075.219486990158,5075.619486990158
569,5021.85245306389,5021.85245306389
570,5021.85245306389,5021.85245306389
571,5074.516574084508,5074.916574084508
572,5334.069091534577,5335.669091534577
573,5021.85245306389,5021.85245306389
574,5021.85245306389,5021.85245306389
575,5678.0417894865195,5679.64178948652
576,5021.85245306389,5021.85245306389
577,5021.85245306389,5021.85245306389
578,5073.6128289201,5074.0128289201
579,5183.669175384298,5184.469175384297
580,5554.263471340413,5556.663471340413
581,5075.821983766429,5076.22198376643
582,5070.801177297497,5071.113341887646
583,5395.287340754226,5396.887340754227
584,5021.85245306389,5021.85245306389
585,5021.85245306389,5021.85245306389
586,5168.346417629744,5169.587124358221
587,5021.85245306389,5021.85245306389
588,5288.954298678534,5290.554298678533
589,5021.85245306389,5021.85245306389
590,5118.4486886853465,5120.960729095362
591,5212.841630942905,5228.676213141559
592,5341.901549626112,5343.501549626112
593,5876.2925303834845,5878.292530383485
594,5021.85245306389,5021.85245306389
595,5074.918238602023,5075.318238602023
596,5363.698749938329,5373.371837648124
597,5159.328595280388,5160.528595280388
598,5484.417255513391,5501.4788028273115
599,5073.311580531964,5073.711580531964
600,5021.85245306389,5021.85245306389
601,5074.616990213886,5075.016990213887
602,5021.85245306389,5021.85245306389
603,5021.85245306389,5021.85245306389
604,5125.711328827465,5126.511328827464
605,5021.85245306389,5021.85245306389
606,5311.2733052176545,5326.817758542089
607,5520.866267404499,5522.466267404499
608,5435.411255933496,5436.211255933496
609,5021.85245306389,5021.85245306389
610,5463.9361574393015,5476.373197491743
611,5021.85245306389,5021.85245306389
612,5021.85245306389,5021.85245306389
613,5021.85245306389,5021.85245306389
614,5021.85245306389,5021.85245306389
615,5021.85245306389,5021.85245306389
616,5125.912161086221,5126.712161086221
617,5344.910704472443,5345.710704472444
618,5021.85245306389,5021.85245306389
619,5021.85245306389,5021.85245306389
620,5021.85245306389,5021.85245306389
621,5108.6873913238505,5123.169883941693
622,5021.85245306389,5021.85245306389
623,5066.610845484877,5071.515006405161
624,5332.2616012057615,5333.861601205761
625,5618.596811268764,5620.196811268764
626,5108.776630649507,5109.576630649507
627,5021.85245306389,5021.85245306389
628,5271.09935411557,5285.900650923943
629,5277.9085244468815,5279.50852444688
630,5126.313825603736,5127.113825603736
631,5021.85245306389,5021.85245306389
632,5021.85245306389,5021.85245306389
633,5498.253320953746,5499.8533209537445
634,5021.85245306389,5021.85245306389
635,5021.85245306389,5021.85245306389
636,5021.85245306389,5021.85245306389
637,5312.078035720033,5313.678035720032
638,5126.916322380008,5127.716322380008
639,5021.85245306389,5021.85245306389
640,5021.85245306389,5021.85245306389
641,5626.379925203447,5643.3705148141735
642,5021.85245306389,5021.85245306389
643,5021.85245306389,5021.85245306389
644,5230.119371760633,5231.719371760632
645,5021.85245306389,5021.85245306389
646,5021.85245306389,5021.85245306389
647,5119.28469654723,5119.956567801575
648,5111.304943668703,5122.1657226479065
649,5074.616990213886,5075.016990213887
650,5870.57626891988,5872.17626891988
651,5929.064674784487,5930.664674784487
652,5021.85245306389,5021.85245306389
653,5021.85245306389,5021.85245306389
654,5210.700935151547,5212.3009351515475
655,5021.85245306389,5021.85245306389
656,5293.566782559893,5293.566782559893
657,5159.175362385482,5173.804601792125
658,5314.464266815066,5321.997784331913
659,5021.85245306389,5021.85245306389
660,5286.1443115734455,5288.144311573445
661,5363.509173889401,5365.509173889401
662,5021.85245306389,5021.85245306389
663,5021.85245306389,5021.85245306389
664,5021.85245306389,5021.85245306389
665,5021.85245306389,5021.85245306389
666,5217.89605528852,5220.707924463234
667,5119.887193323502,5120.5590645778475
668,5021.85245306389,5021.85245306389
669,5565.62013474182,5581.62013474182
670,5160.962823891942,5172.599608239581
671,5125.912161086221,5126.712161086221
672,5289.95845997232,5291.55845997232
673,5217.870973836284,5219.603347040069
674,5021.85245306389,5021.85245306389
675,5021.85245306389,5021.85245306389
676,5075.319903119537,5075.719903119537
677,5281.3243373632695,5283.3243373632695
678,5413.8699762356055,5415.469976235605
679,5179.051697950393,5180.2516979503935
680,5342.504046402385,5344.1040464023845
681,5769.1042962505635,5770.704296250564
682,5269.377879784233,5273.318968116614
683,5021.85245306389,5021.85245306389
684,5021.85245306389,5021.85245306389
685,5062.80903769949,5071.816254793297
686,5021.85245306389,5021.85245306389
687,5212.960297361124,5222.0133341451565
688,5159.108346956533,5174.708346956533
689,5021.85245306389,5021.85245306389
690,5266.966228161631,5270.507316494011
691,5504.5795371046,5506.179537104601
692,5130.728806261368,5130.728806261368
693,5232.931023383236,5234.531023383234
694,5129.326309485096,5130.1263094850965
695,5021.85245306389,5021.85245306389
696,5021.85245306389,5021.85245306389
697,5181.762933443617,5182.962933443617
698,5073.311580531964,5073.711580531964
699,5021.85245306389,5021.85245306389
700,5021.85245306389,5021.85245306389
701,5343.709039954929,5345.309039954928
702,5452.222907556099,5453.422907556098
703,5021.85245306389,5021.85245306389
704,5260.4013325483365,5276.030203609838
705,5114.33099587664,5121.563225871634
706,5021.85245306389,5021.85245306389
707,5021.85245306389,5021.85245306389
708,5281.123505104513,5283.123505104513
709,5125.510496568708,5126.310496568707
710,5278.912685740667,5280.512685740668
711,5178.449201174121,5179.649201174122
712,5125.711328827464,5126.511328827464
713,5021.85245306389,5021.85245306389
714,5021.85245306389,5021.85245306389
715,5057.953457947941,5072.719999957705
716,5468.544548756887,5482.500017664501
717,5617.67119399011,5620.071193990109
718,5021.85245306389,5021.85245306389
719,5265.2815089725245,5266.881508972525
720,5074.616990213886,5075.016990213887
721,5021.85245306389,5021.85245306389
722,5165.839737661409,5177.077627333143
723,5124.104670757406,5124.904670757406
724,5108.6873913238505,5123.169883941693
725,5673.303872905822,5690.675502002797
726,5072.709083755692,5073.109083755692
727,5021.85245306389,5021.85245306389
728,5021.85245306389,5021.85245306389
729,5398.49899237683,5399.698992376829
730,5021.85245306389,5021.85245306389
731,5210.7579959075765,5223.218327697701
732,5021.85245306389,5021.85245306389
733,5185.071672160569,5185.071672160569
734,5021.85245306389,5021.85245306389
735,5021.85245306389,5021.85245306389
736,5185.071672160569,5185.071672160569
737,5159.009392032764,5174.4070985683975
738,5239.35099759341,5239.35099759341
739,5021.85245306389,5021.85245306389
740,5021.85245306389,5021.85245306389
741,5209.513361486706,5225.2266502852735
742,5021.85245306389,5021.85245306389
743,5021.85245306389,5021.85245306389
744,5182.666678608025,5183.866678608026
745,5130.728806261368,5130.728806261368
746,5021.85245306389,5021.85245306389
747,5021.85245306389,5021.85245306389
748,5401.8077310937815,5401.8077310937815
749,5185.071672160569,5185.071672160569
750,5021.85245306389,5021.85245306389
751,5180.557939891075,5181.757939891074
752,5021.85245306389,5021.85245306389
753,5072.709083755692,5073.109083755692
754,5075.520735378294,5075.920735378294
755,5021.85245306389,5021.85245306389
756,5313.97440682318,5315.574406823181
757,5021.85245306389,5021.85245306389
758,6383.352173908974,6386.552173908973
759,5284.937653503386,5286.537653503387
760,5021.85245306389,5021.85245306389
761,5311.688498819154,5313.2884988191545
762,5021.85245306389,5021.85245306389
763,5978.944862712591,5981.744862712592
764,5021.85245306389,5021.85245306389
765,5231.023116925039,5232.62311692504
766,5821.068616829477,5822.6686168294755
767,5021.85245306389,5021.85245306389
768,5362.576469880784,5364.176469880785
769,5108.527761055138,5123.37071620045
770,5125.711328827464,5126.511328827464
771,5185.071672160569,5185.071672160569
772,5021.85245306389,5021.85245306389
773,5283.935156727116,5285.935156727115
774,5617.261876558997,5618.861876558997
775,5021.85245306389,5021.85245306389
776,5181.46168505548,5182.661685055481
777,5075.621151507673,5076.021151507673
778,5021.85245306389,5021.85245306389
779,5234.537681453293,5236.137681453294
780,5021.85245306389,5021.85245306389
781,5021.85245306389,5021.85245306389
782,5488.312124145256,5489.912124145257
783,5021.85245306389,5021.85245306389
784,5021.85245306389,5021.85245306389
785,5021.85245306389,5021.85245306389
786,5021.85245306389,5021.85245306389
787,5058.18342186991,5072.519167698948
788,5415.862337692631,5417.462337692631
789,5021.85245306389,5021.85245306389
790,5372.5881991270035,5380.914659678555
791,5580.733227830242,5583.319793670912
792,5021.85245306389,5021.85245306389
793,5415.862337692631,5417.462337692631
794,5021.85245306389,5021.85245306389
795,5596.3476618539235,5598.3476618539235
796,5129.527141743853,5130.327141743854
797,5021.85245306389,5021.85245306389
798,5021.85245306389,5021.85245306389
799,5061.7843552378645,5071.916670922676
800,5021.85245306389,5021.85245306389
801,5021.85245306389,5021.85245306389
802,5368.855181736362,5386.48317211147
803,5021.85245306389,5021.85245306389
804,5021.85245306389,5021.85245306389
805,5021.85245306389,5021.85245306389
806,5021.85245306389,5021.85245306389
807,5629.994944181308,5631.994944181308
808,5591.93268119629,5594.732681196291
809,5021.85245306389,5021.85245306389
810,5073.813661178858,5074.213661178857
811,5558.075955221773,5559.675955221773
812,5021.85245306389,5021.85245306389
813,5309.024201486947,5319.688213356204
814,5021.85245306389,5021.85245306389
815,5021.85245306389,5021.85245306389
816,5021.85245306389,5021.85245306389
817,6014.590413284799,6013.264212099009
818,5072.909916014449,5073.309916014449
819,5021.85245306389,5021.85245306389
820,5021.85245306389,5021.85245306389
821,5072.709083755692,5073.109083755692
822,5021.85245306389,5021.85245306389
823,5073.010332143827,5073.410332143828
824,5110.538846399562,5122.366554906664
825,5443.392946240834,5446.192946240834
826,5070.399512779983,5070.711677370132
827,5021.85245306389,5021.85245306389
828,5063.9550135612,5071.7158386639185
829,5609.299678026256,5610.899678026256
830,5069.751851008897,5071.314174146404
831,5021.85245306389,5021.85245306389
832,5122.397596557969,5123.0728854850995
833,5021.85245306389,5021.85245306389
834,5074.516574084508,5074.916574084508
835,5021.85245306389,5021.85245306389
836,5185.071672160569,5185.071672160569
837,5127.719651415038,5128.5196514150375
838,5021.85245306389,5021.85245306389
839,5182.864181831753,5183.264181831753
840,5021.85245306389,5021.85245306389
841,5076.322399895808,5076.322399895808
842,5074.416157955129,5074.816157955129
843,5021.85245306389,5021.85245306389
844,5021.85245306389,5021.85245306389
845,5021.85245306389,5021.85245306389
846,5021.85245306389,5021.85245306389
847,5021.85245306389,5021.85245306389
848,5287.448056737853,5289.048056737854
849,5400.704818188131,5401.104818188131
850,5021.85245306389,5021.85245306389
851,5021.85245306389,5021.85245306389
852,5364.201798963389,5380.183127950843
853,5178.147952785986,5179.347952785986
854,5070.60034503874,5070.912509628889
855,5233.331023383234,5234.531023383235
856,5163.577000722683,5171.695863075173
857,5075.621151507673,5076.021151507673
858,5021.85245306389,5021.85245306389
859,5124.50633527492,5125.3063352749205
860,5166.900134646099,5173.603769533368
861,5176.641710845305,5177.841710845306
862,5979.846943359486,5982.246943359487
863,5058.208667626313,5058.608667626313
864,5021.85245306389,5021.85245306389
865,5108.776630649507,5109.576630649507
866,5021.85245306389,5021.85245306389
867,5021.85245306389,5021.85245306389
868,5021.85245306389,5021.85245306389
869,5021.85245306389,5021.85245306389
870,5021.85245306389,5021.85245306389
871,5021.85245306389,5021.85245306389
872,5118.4486886853465,5120.960729095362
873,5021.85245306389,5021.85245306389
874,5021.85245306389,5021.85245306389
875,5021.85245306389,5021.85245306389
876,5161.792904851263,5172.819856563437
877,5391.069863320323,5392.669863320323
878,5072.709083755692,5073.109083755692
879,5021.85245306389,5021.85245306389
880,5021.85245306389,5021.85245306389
881,5617.527142565247,5617.527142565247
882,5165.926252276939,5171.093366298901
883,5211.3010620679715,5212.901062067971
884,5338.288233485996,5340.288233485995
885,5126.715490121251,5127.515490121251
886,5108.6873913238505,5123.169883941693
887,5115.582266746123,5121.362393612877
888,5176.641710845305,5177.841710845306
889,5021.85245306389,5021.85245306389
890,5160.132972128354,5161.332972128354
891,6224.860259029062,6242.595478825088
892,5625.512657000115,5627.112657000115
893,5021.85245306389,5021.85245306389
894,5114.6186759382,5125.482872590187
895,5021.85245306389,5021.85245306389
896,5063.9550135612,5071.7158386639185
897,5021.85245306389,5021.85245306389
898,5178.147952785986,5179.347952785986
899,5021.85245306389,5021.85245306389
900,5021.85245306389,5021.85245306389
901,5112.19233433793,5121.964890389149
902,5666.880102777936,5677.966459037322
903,5021.85245306389,5021.85245306389
904,5162.584315045683,5171.997111463309
905,5260.441988459387,5275.780368071426
906,5021.85245306389,5021.85245306389
907,5116.954831015692,5121.16156135412
908,5021.85245306389,5021.85245306389
909,5021.85245306389,5021.85245306389
910,5776.5961017793015,5793.7961017793
911,5021.85245306389,5021.85245306389
912,5021.85245306389,5021.85245306389
913,5021.85245306389,5021.85245306389
914,5366.529498770593,5368.529498770593
915,5021.85245306389,5021.85245306389
916,5021.85245306389,5021.85245306389
917,5021.85245306389,5021.85245306389
918,5021.85245306389,5021.85245306389
919,5074.215325696372,5074.615325696372
920,5125.711328827464,5126.511328827464
921,5021.85245306389,5021.85245306389
922,5021.85245306389,5021.85245306389
923,5021.85245306389,5021.85245306389
924,5021.85245306389,5021.85245306389
925,5021.85245306389,5021.85245306389
926,5159.175362385482,5173.804601792125
927,5311.688498819154,5313.2884988191545
928,5021.85245306389,5021.85245306389
929,5574.662773016126,5576.662773016126
930,5021.85245306389,5021.85245306389
931,5021.85245306389,5021.85245306389
932,5021.85245306389,5021.85245306389
933,5057.953457947941,5072.719999957705
934,5108.527761055138,5123.37071620045
935,5166.237688830513,5181.194688637669
936,5073.813661178858,5074.213661178857
937,5464.637907484779,5474.565707162927
938,5336.982823804073,5338.710610079125
939,5159.009392032764,5174.4070985683975
940,5021.85245306389,5021.85245306389
941,5232.529358865721,5234.129358865721
942,5112.54274171277,5126.989114530867
943,5703.024460273989,5705.424460273986
944,5021.85245306389,5021.85245306389
945,5021.85245306389,5021.85245306389
946,5164.690979799768,5171.394614687038
947,5218.272638353798,5220.005011557583
948,5383.34281491071,5386.1428149107105
949,5321.379494769043,5323.779494769044
950,5021.85245306389,5021.85245306389
951,5237.243923393973,5237.643923393974
952,5021.85245306389,5021.85245306389
953,5126.715490121251,5127.515490121251
954,5021.85245306389,5021.85245306389
955,5381.188359020662,5386.583588240849
956,5021.85245306389,5021.85245306389
957,5021.85245306389,5021.85245306389
958,5021.85245306389,5021.85245306389
959,5021.85245306389,5021.85245306389
960,5212.330840352161,5213.930840352161
961,5021.85245306389,5021.85245306389
962,5021.85245306389,5021.85245306389
963,5119.686361064745,5120.35823231909
964,5179.654194726666,5180.854194726665
965,5488.135281759386,5496.357443518757
966,5021.85245306389,5021.85245306389
967,5380.286710213968,5395.486710213968
968,5072.80949988507,5073.209499885071
969,5021.85245306389,5021.85245306389
970,5021.85245306389,5021.85245306389
971,5123.903838498649,5124.703838498649
972,5021.85245306389,5021.85245306389
973,5125.711328827464,5126.511328827464
974,5021.85245306389,5021.85245306389
975,5075.420319248916,5075.820319248915
976,5021.85245306389,5021.85245306389
977,5021.85245306389,5021.85245306389
978,5501.168717740755,5503.568717740755
979,5021.85245306389,5021.85245306389
980,5936.986604518954,5940.1866045189545
981,5021.85245306389,5021.85245306389
982,5181.46168505548,5182.661685055481
983,5271.310099233134,5278.162229167564
984,5076.322399895808,5076.322399895808
985,5021.85245306389,5021.85245306389
986,5021.85245306389,5021.85245306389
987,5021.85245306389,5021.85245306389
988,5021.85245306389,5021.85245306389
989,5282.027250268921,5284.02725026892
990,5168.948914406016,5170.189621134493
991,5214.132503438125,5229.636250034084
992,5124.707167533678,5125.5071675336785
993,5021.85245306389,5021.85245306389
994,5021.85245306389,5021.85245306389
995,5021.85245306389,5021.85245306389
996,5021.85245306389,5021.85245306389
997,5554.059310046626,5555.659310046626
998,5119.887193323502,5120.5590645778475
999,5021.85245306389,5021.85245306389
